omg,produktnamn,correctRow,utd13,utd12,utd11,utd10
202041,Europatipset,2X1X2XX11X11X,141700,2737,129,38
202040,Europatipset,X22212X122212,1891708,44463,1197,226
202040,Europatipset,1211X221X12XX,320080,6423,229,53
202039,Europatipset,X22112211XX12,6721,170,0,0
202039,Europatipset,2X1X212X22X1X,2297996,20414,622,129
202038,Europatipset,21X1112112X21,196714,3277,130,33
202038,Europatipset,2211X2XXX11XX,359505,7757,334,85
202037,Europatipset,21X12222X1X21,26051,621,31,0
202037,Europatipset,22XX22X1X2211,3438196,43190,1291,269
202036,Europatipset,X12X21XXX12X2,2003957,28493,1015,217
202036,Europatipset,X12X212X22222,210870,7674,372,95
202035,Europatipset,22X2X2X11X111,187903,4524,229,69
202035,Europatipset,21XXX12112212,10000000,39412,997,198
202034,Europatipset,2112221212X21,309,16,0,0
202034,Europatipset,21211XX1222X1,303488,4968,208,55
202033,Europatipset,211XX111122X2,106956,3104,121,32
202033,Europatipset,1XXX1122212X1,1684737,9138,328,82
202032,Europatipset,1111X12121X2X,20904,591,32,0
202032,Europatipset,221X2212X1121,596188,8623,315,73
202031,Europatipset,2221X2X1XXXX2,154861,3181,135,39
202031,Europatipset,2XXX2X1111211,59203,1424,81,28
202030,Europatipset,1X1X2X11XXX12,1197923,9541,445,124
202030,Europatipset,2X2XX12XX1221,70272,1660,80,24
202029,Europatipset,12X111XX1XX12,22262,594,33,0
202029,Europatipset,212X1X11X1XX2,10000000,28026,740,153
202028,Europatipset,2112X21211121,3783,117,0,0
202028,Europatipset,1111121XXX211,3762891,24586,739,166
202027,Europatipset,1211X1X22X21X,10000000,68384,1414,268
202027,Europatipset,X11X1111222X2,287476,4133,215,67
202026,Europatipset,11X2122111X2X,24367,538,27,0
202026,Europatipset,22212212X11XX,106240,1527,71,22
202025,Europatipset,1XX1X22XX222X,819338,26410,1167,240
202025,Europatipset,X12111222X1XX,94468,1722,71,20
202024,Europatipset,11X121X11XX22,14545,419,24,0
202024,Europatipset,1XX21221XX12X,149543,2376,110,32
202023,Europatipset,1122111211XXX,224813,1542,57,15
202023,Europatipset,212XX22XX11X2,2204119,46049,1267,267
202022,Europatipset,22XX22X2XX11X,10000000,112089,2888,644
202022,Europatipset,1122212X21122,2438,51,0,0
202021,Europatipset,1222X22X11XXX,2158478,18639,641,143
202020,Europatipset,12X2X2X22XX11,10000000,16530,461,100
202011,Europatipset,11111X2212121,12751,305,17,0
202011,Europatipset,1X2122X2X11X1,587063,19877,633,152
202010,Europatipset,2X1X2211XX1X1,77960,1241,54,16
202010,Europatipset,111X12X11X2X1,2699192,29281,831,157
202009,Europatipset,21122XXX211X1,10000000,108284,2263,366
202009,Europatipset,X221X2X12X221,806139,6472,225,55
202008,Europatipset,1X211X111112X,4608,115,0,0
202008,Europatipset,111X212111X12,17723,274,16,0
202007,Europatipset,21121X2221111,515640,5168,197,49
202007,Europatipset,12122222X2121,593536,8116,300,71
202006,Europatipset,1X2XX1X212222,136643,2846,108,27
202006,Europatipset,21121X122111X,30388,638,30,0
202005,Europatipset,1X21211212121,1623529,35224,1681,378
202005,Europatipset,1X2X1X1121121,286978,4761,188,49
202004,Europatipset,X21X122X1X11X,178962,5643,282,79
202004,Europatipset,1X11X112X2221,67094,1422,56,15
202003,Europatipset,1212X2X11X211,1282,31,0,0
202003,Europatipset,111X2XX21X222,153519,2157,93,25
202002,Europatipset,121112122XX12,54452,1500,67,20
202002,Europatipset,22211111X2111,21683,441,19,0
202001,Europatipset,11211X1X22112,160565,2753,124,36
202001,Europatipset,11X221X222XX2,1221505,11678,332,73
201952,Europatipset,21X2111XXX1X2,1367986,13067,448,103
201952,Europatipset,21121111222X2,176809,4352,190,51
201951,Europatipset,XX1222X211222,95953,1916,86,25
201951,Europatipset,2122X221X1111,10000000,40896,1261,262
201950,Europatipset,2111121XX2XX2,49170,685,39,0
201950,Europatipset,2X21XXXX22211,4222927,39888,1278,283
201949,Europatipset,11111111XXX12,20479,481,24,0
201949,Europatipset,212X122XX1112,51010,812,41,0
201948,Europatipset,1212X2X2XXX21,375216,5069,189,48
201948,Europatipset,XXX1221222122,358358,5267,160,37
201947,Europatipset,111112X112111,6148,88,0,0
201947,Europatipset,X1X2122221X12,3587578,32534,1079,212
201946,Europatipset,2212221X11XX2,29543,590,27,0
201946,Europatipset,2122XX11XX211,54467,590,29,0
201945,Europatipset,XX111221111X1,164026,2745,95,25
201945,Europatipset,11111XX2X1212,247905,5950,256,65
201944,Europatipset,2X1121221X11X,26052,362,22,0
201944,Europatipset,X222X12211112,97977,1454,70,22
201943,Europatipset,212X21111X212,26796,703,33,0
201943,Europatipset,1X2X2X12X1111,31951,554,29,0
201942,Europatipset,XX11121122X21,611214,4032,168,44
201942,Europatipset,X121X1X221111,153057,2516,114,33
201941,Europatipset,11X21111X1211,23389,172,0,0
201941,Europatipset,2112X2X12X112,43874,460,24,0
201940,Europatipset,XXX221211112X,55332,673,35,0
201940,Europatipset,12122X1X2121X,10000000,41249,1013,183
201939,Europatipset,122211X2X2X12,434564,3930,148,37
201939,Europatipset,1XX122221112X,18580,491,27,0
201938,Europatipset,1211X11111211,52695,416,20,0
201938,Europatipset,21X11212122XX,30167,457,23,0
201937,Europatipset,122212X112X1X,62891,602,22,0
201937,Europatipset,1X1212XX22222,10000000,36451,968,193
201936,Europatipset,22XX12221121X,68968,648,31,0
201936,Europatipset,X2X21211X112X,406660,5585,239,67
201935,Europatipset,2211XX2211122,11760,234,0,0
201935,Europatipset,X112211X221X1,17576,258,0,0
201934,Europatipset,11X1X1121X121,6707,187,0,0
201934,Europatipset,22X122X122122,235837,2298,83,22
201933,Europatipset,X1111121X2111,135944,1427,73,24
201933,Europatipset,X111221212122,694403,10880,308,54
201932,Europatipset,222X2212X2112,10000000,16425,506,126
201932,Europatipset,1X221X1X2112X,12490,231,0,0
201931,Europatipset,11111111X221X,985,39,0,0
201931,Europatipset,XX1X12212XX2X,1475604,8002,265,63
201930,Europatipset,111111X1X2X1X,32118,409,25,0
201930,Europatipset,1XX2X2112X2X2,577703,5188,209,55
201929,Europatipset,1112112X111X1,10701,171,0,0
201929,Europatipset,X1112X1111121,25545,244,0,0
201928,Europatipset,11X21XX22XX1X,3288059,15150,498,108
201928,Europatipset,X112221111111,8041,204,0,0
201927,Europatipset,1121121121X22,1124,47,0,0
201927,Europatipset,11XX21X212XX1,10000000,68413,1282,242
201926,Europatipset,1X2111X1X2111,191135,2047,99,29
201926,Europatipset,X22221111X12X,1390623,12257,468,106
201925,Europatipset,221112111121X,5426,118,0,0
201924,Europatipset,111211212111X,21160,144,0,0
201924,Europatipset,12XX11112X111,132419,2076,111,36
201923,Europatipset,1XX12112XX1X1,12991,217,0,0
201923,Europatipset,12X2211111212,5355,87,0,0
201922,Europatipset,1X111X2X22XXX,10000000,103563,2973,599
201922,Europatipset,12X2121XX12X2,17094,338,23,0
201921,Europatipset,X11211X11X1XX,700416,3943,136,35
201921,Europatipset,1XX111XX2212X,579003,25785,993,189
201920,Europatipset,2112211X1X1X2,57423,734,35,0
201920,Europatipset,1121X11112212,15217,285,17,0
201919,Europatipset,2X22111221211,534466,9571,406,105
201919,Europatipset,2121X2121112X,12552,353,21,0
201918,Europatipset,1XX12X121XX1X,193135,3684,170,48
201918,Europatipset,X1X2X1X2121X2,102364,3191,140,38
201917,Europatipset,21221112X1X21,38426,487,26,0
201917,Europatipset,X221111X1XX12,1885008,32788,912,182
201916,Europatipset,211121111X221,3558,64,0,0
201916,Europatipset,22112X2X21121,116688,1137,45,0
201915,Europatipset,X2X11XX211222,70969,959,41,0
201915,Europatipset,21122X1112111,25607,339,15,0
201914,Europatipset,111112X1112X2,24838,443,21,0
201914,Europatipset,X1XX121X2XX11,3516587,15019,481,109
201913,Europatipset,X11XX21212112,3493,121,0,0
201913,Europatipset,212X2221X1112,65340,1307,81,30
201912,Europatipset,111111X21X1X2,2537,69,0,0
201912,Europatipset,211111X222XX1,150273,1863,82,24
201911,Europatipset,212X222112X1X,909034,6717,261,65
201911,Europatipset,21X2122X1X11X,73069,1439,57,16
201910,Europatipset,2111X11X12X11,364764,3691,136,35
201910,Europatipset,1XX2X22212122,34978,763,36,0
201909,Europatipset,1111212X12221,755,19,0,0
201909,Europatipset,X2212122111X1,22366,311,18,0
201908,Europatipset,1XX1X21211111,54556,1236,53,16
201908,Europatipset,X1X2X2X212X12,1760,68,0,0
201907,Europatipset,2111X11X1222X,60782,1333,67,21
201907,Europatipset,11XX1X21X1X22,108371,1783,81,24
201906,Europatipset,2X11X1212X112,29645,736,38,0
201906,Europatipset,11XXX121111X1,102563,1345,60,18
201905,Europatipset,X1X11X1X111X2,243077,2304,107,31
201905,Europatipset,12XX11121X1X2,117038,2034,96,29
201904,Europatipset,1122111X12211,65815,1591,50,0
201904,Europatipset,11X2112212X2X,5391,133,0,0
201903,Europatipset,1X1X1X1X21X11,1002534,8714,344,91
201903,Europatipset,2XX11XX212X22,35874,1022,61,22
201902,Europatipset,111X1X1X112X2,1034663,9413,333,65
201902,Europatipset,21X22211121X2,21898,656,35,0
201901,Europatipset,X2X2X2111121X,10000000,116110,2091,382
201901,Europatipset,1121212X21111,515288,5554,204,47
201852,Europatipset,11112XX211X21,109755,827,35,0
201852,Europatipset,1221X1212XXXX,185857,2750,126,37
201851,Europatipset,X221X1X121XXX,10000000,122255,1609,237
201851,Europatipset,22X12X111112X,328864,2325,95,27
201850,Europatipset,2111211221X2X,533191,4161,136,35
201850,Europatipset,211112122112X,11916,224,0,0
201849,Europatipset,X21X1X12X1112,10000000,51295,1328,273
201849,Europatipset,2211X2XX1XX1X,1527358,7946,283,74
201848,Europatipset,112X11X222111,37236,621,28,0
201848,Europatipset,11XXXXX121X21,1360730,24127,885,201
201847,Europatipset,1X1211X1111X2,4002,73,0,0
201847,Europatipset,2211XX12XX121,1987398,10115,293,65
201846,Europatipset,1111XX11X22X1,17934,228,0,0
201846,Europatipset,11221X2112111,358545,1670,51,0
201845,Europatipset,X211X12X11XX1,124000,1241,56,17
201845,Europatipset,1XX221X212211,144394,1391,48,0
201844,Europatipset,21211112111X2,558,22,0,0
201844,Europatipset,11X12122XX111,22146,264,0,0
201843,Europatipset,X11XX1X21122X,238243,3962,140,36
201843,Europatipset,1XX11121XXX21,159804,2845,104,29
201842,Europatipset,X1121X2111X12,183269,2570,105,30
201842,Europatipset,X11221X1X2XX2,288950,4996,180,45
201841,Europatipset,X2122212X1X12,51376,320,0,0
201841,Europatipset,211X2XX221111,239898,1419,53,15
201840,Europatipset,112211212XXXX,24163,615,32,0
201840,Europatipset,X2XX2XX111111,35688,511,26,0
201839,Europatipset,X21212X21121X,471440,5947,268,70
201839,Europatipset,22XX211112111,405194,5849,188,45
201838,Europatipset,12X21X22111X2,261022,1069,37,0
201838,Europatipset,11121121X1XXX,43301,536,24,0
201837,Europatipset,21111X11XX221,910073,7439,229,51
201837,Europatipset,2XX2112XXX122,2607151,0,18871,1657
201836,Europatipset,11XX2112XXX1X,186308,3926,157,45
201836,Europatipset,111111111111X,3512,104,0,0
201835,Europatipset,X12221X111112,359699,2370,88,23
201835,Europatipset,212121112X2X1,858926,20296,732,180
201834,Europatipset,XX1112221221X,10000000,17712,363,73
201834,Europatipset,21X1X1X211111,34949,663,36,0
201833,Europatipset,1XX12121112X1,168811,1315,48,0
201833,Europatipset,1222222XXX2X1,3068336,23020,695,136
201832,Europatipset,X12XX1XX1XX11,10000000,11058,367,89
201832,Europatipset,21X1111X12112,14025,200,0,0
201831,Europatipset,X2XX22X22XXX1,10000000,96004,2050,349
201831,Europatipset,21221121X212X,82753,1327,59,18
201830,Europatipset,1X11X22XXXX11,533207,6813,264,72
201830,Europatipset,1XX1221221211,126874,1901,71,20
201829,Europatipset,22X121X12XX21,10000000,59955,1345,263
201829,Europatipset,11121X2XX1111,184034,1881,73,19
201828,Europatipset,222X22221X2X1,12309,253,0,0
201828,Europatipset,12212X21XX222,1938405,19684,586,118
201827,Europatipset,X2211111121X1,854664,11168,376,90
201827,Europatipset,X222XX111X111,384613,6200,275,71
201826,Europatipset,XX2222X2X2X11,1490214,30602,1072,228
201823,Europatipset,111X1XX11X2X1,444226,9098,358,88
201823,Europatipset,21121X2XX1X1X,512032,12440,423,105
201822,Europatipset,11X1X11211X1X,409682,3769,171,49
201822,Europatipset,212XXX21X1211,113683,1425,48,0
201821,Europatipset,X11XXX11221X2,81261,1453,62,19
201821,Europatipset,XX1X12111221X,203852,2093,54,0
201820,Europatipset,2112X211111X1,23324,484,22,0
201820,Europatipset,212112122X221,126122,2305,100,31
201819,Europatipset,1X11111222211,12775,375,20,0
201819,Europatipset,1212X11X2X2X1,2739925,33271,837,165
201818,Europatipset,XX221XX11XX1X,10000000,19805,680,161
201818,Europatipset,1112X2X2121X1,111703,1400,62,19
201817,Europatipset,1111X22X12X1X,1390587,16318,696,152
201817,Europatipset,1221122122221,197285,3870,137,33
201816,Europatipset,21XXX222211X2,786793,24454,812,186
201816,Europatipset,11XX212221111,109040,2022,77,20
201815,Europatipset,212121212111X,94589,1548,71,22
201815,Europatipset,211111XX121X1,752943,3238,83,20
201814,Europatipset,2221211X22122,15742,339,17,0
201814,Europatipset,1X1X1X11112XX,649703,13371,472,104
201813,Europatipset,11XX1122X1221,111872,2952,140,41
201813,Europatipset,211221X21X112,86679,1436,56,16
201812,Europatipset,122222X121111,397022,3395,129,33
201812,Europatipset,12121121X21XX,1500291,4516,116,27
201811,Europatipset,12221X2X1111X,283743,2362,109,32
201811,Europatipset,2XX122222X111,10000000,45397,1331,301
201810,Europatipset,2X212X1X21X22,79095,829,45,16
201810,Europatipset,212121X21X221,4320,102,0,0
201809,Europatipset,1X1X1112212X1,476,23,0,0
201809,Europatipset,1111121X1X211,3592,80,0,0
201808,Europatipset,2X21X21211111,1055027,4951,153,36
201808,Europatipset,211211212X1X1,202395,3392,127,33
201807,Europatipset,2X112122212X1,139001,3246,136,35
201807,Europatipset,1X2X11XX22X11,117877,1597,51,0
201806,Europatipset,111X211112211,418,21,0,0
201806,Europatipset,12XX1211111X2,1879998,18263,522,102
201805,Europatipset,21XX1X1X1111X,1857785,19781,519,112
201805,Europatipset,XXX1121X1X211,496439,16596,675,161
201804,Europatipset,1X2XX2X12X12X,457330,17530,690,169
201804,Europatipset,211XX21211X12,260933,5153,184,49
201803,Europatipset,1211X21X1X222,95390,1497,61,18
201803,Europatipset,X2222X1X1X11X,1222424,18256,553,123
201802,Europatipset,121XXX222111X,35044,825,38,0
201802,Europatipset,11X2X1X121121,125806,2652,121,35
201801,Europatipset,22121XX111222,215955,6405,297,84
201801,Europatipset,X122X2X22221X,28163,691,32,0
201801,Europatipset,X1X111XX21XX2,683208,11260,386,94
201752,Europatipset,1X1XX1X212XX2,405128,7066,254,67
201751,Europatipset,1111122X21112,16213,320,15,0
201750,Europatipset,222X11X1111X1,21348,397,18,0
201750,Europatipset,222XX1X2X2111,638935,12126,468,109
201749,Europatipset,1X11211121X11,458438,3842,136,34
201749,Europatipset,2X222XX111X21,192742,3784,149,40
201748,Europatipset,121112X121211,5509,137,0,0
201748,Europatipset,1111X11221X2X,33213,798,43,15
201747,Europatipset,X11211X112111,2542,45,0,0
201747,Europatipset,22X2XXXX21222,302060,3989,152,42
201746,Europatipset,21XX2X11X1X21,2791014,12050,450,111
201746,Europatipset,X1X2211X2X121,2142883,13393,437,98
201745,Europatipset,1X22122122221,306026,1595,60,17
201745,Europatipset,XXXX2221XX22X,10000000,43137,1373,290
201744,Europatipset,1X1121122X122,62556,841,37,0
201744,Europatipset,111122112X222,5944,112,0,0
201743,Europatipset,22121222X12X1,10000000,16039,448,95
201743,Europatipset,11111X1X212X2,2356370,41605,1340,244
201742,Europatipset,2221X1122XX11,84614,1069,50,0
201742,Europatipset,211221X2X2XXX,159783,2271,98,29
201741,Europatipset,11X11112122X1,9774,83,0,0
201741,Europatipset,X211222111X12,834440,6647,217,52
201740,Europatipset,1X121222XX12X,37163,672,30,0
201740,Europatipset,1XX121XX11111,23564,337,18,0
201739,Europatipset,221X111212122,29223,466,23,0
201739,Europatipset,2X12111X21212,87198,1065,49,16
201738,Europatipset,XX1121X2XX212,52752,699,38,0
201738,Europatipset,1122X22X12XXX,1926417,33395,1170,294
201737,Europatipset,XX21X2111X1XX,1403379,12367,377,85
201737,Europatipset,X1212X2X11211,1812,70,0,0
201736,Europatipset,22XX1121X21X2,10000000,30321,915,188
201736,Europatipset,2111211XX2221,352626,3711,131,34
201735,Europatipset,1111X112121XX,10000000,32618,727,137
201735,Europatipset,2121222111222,1698,43,0,0
201734,Europatipset,11122XXX2X2X2,284714,5115,187,47
201734,Europatipset,1X2222XX11112,1252552,26189,935,185
201733,Europatipset,121111X11211X,9909,194,0,0
201733,Europatipset,2X22X1X2122X1,432609,4390,154,39
201732,Europatipset,1112221211222,10848,147,0,0
201732,Europatipset,2221XX22XX221,3111153,41840,1215,252
201731,Europatipset,X1111211XX221,67591,1485,70,22
201731,Europatipset,X221X1X221X11,124340,2349,110,32
201730,Europatipset,2XXX1X21121X1,231566,6934,310,82
201730,Europatipset,21X1111X21121,169893,3775,158,39
201729,Europatipset,112211XXXXX11,68201,1135,50,15
201729,Europatipset,211X1221112XX,153769,2373,87,23
201728,Europatipset,X1X22X2122222,10000000,25395,913,188
201728,Europatipset,11111122221X1,311764,3206,131,36
201727,Europatipset,12212111222X1,7775,198,0,0
201727,Europatipset,22X1X2XX2211X,745250,9016,312,74
201726,Europatipset,11X12121X1X12,86229,1332,41,0
201726,Europatipset,22XX22X122X21,1840521,16433,472,108
201726,Europatipset,X2112212111X2,249789,4266,172,47
201725,Europatipset,11X2X122XX111,2243124,20570,678,156
201724,Europatipset,X111XX22X111X,285391,4207,138,35
201724,Europatipset,X22111X12112X,19356,484,25,0
201723,Europatipset,1X1211121X112,14488,403,22,0
201723,Europatipset,XX2221221X111,244818,6744,248,62
201722,Europatipset,212X1X1X1121X,426972,5395,215,57
201722,Europatipset,12112XX2XX11X,235262,6229,201,51
201721,Europatipset,21111121121X1,14249,305,0,0
201721,Europatipset,XX211212X112X,35192,565,28,0
201720,Europatipset,12XXX12X12111,65810,950,44,0
201720,Europatipset,2XX1X12221X22,2912906,69425,2469,435
201719,Europatipset,12X2XX1221XX1,2641332,12489,430,106
201719,Europatipset,21X21X12XX211,18013,408,20,0
201718,Europatipset,1X12112121112,66276,1338,59,17
201718,Europatipset,1X21112X11121,28254,608,30,0
201717,Europatipset,1212XXX211212,21549,440,21,0
201717,Europatipset,2X121X212X11X,473223,4560,174,46
201716,Europatipset,X11X12X211XX1,1124666,25867,989,228
201716,Europatipset,X222X2212XX2X,2244205,40325,1587,346
201715,Europatipset,1X1X11121111X,4117,143,0,0
201715,Europatipset,112X122121211,102189,1320,59,19
201714,Europatipset,111X1211212X1,55111,1088,42,0
201714,Europatipset,212121X1XXX21,154078,1892,81,25
201713,Europatipset,2222X11111121,499638,9576,379,99
201713,Europatipset,X212122X1XX11,84127,1387,52,15
201712,Europatipset,12X2X1X121X21,257796,2114,87,25
201712,Europatipset,112X1212XX222,86278,1590,79,24
201711,Europatipset,112X1XX221221,267497,3552,160,45
201711,Europatipset,X11211X122221,6653,147,0,0
201710,Europatipset,222XXXX1X21XX,439994,14666,533,132
201710,Europatipset,111211211X121,170394,1702,55,0
201709,Europatipset,X12X21XX11211,1098699,2878,87,22
201709,Europatipset,2111222XX21XX,109509,1706,79,23
201708,Europatipset,21X1122XX221X,3169051,17219,724,174
201708,Europatipset,121X2212X2X12,1939,74,0,0
201707,Europatipset,112X211X11212,352765,3548,123,33
201707,Europatipset,2211111X22X11,26957,689,35,0
201706,Europatipset,X12X1221XX1X1,5629,180,0,0
201706,Europatipset,1122221211X11,48958,798,37,0
201705,Europatipset,X221XX1221X12,1910029,35427,1465,387
201705,Europatipset,222XX21111211,45928,1013,47,15
201704,Europatipset,21112XX1X1X12,228057,1184,50,16
201704,Europatipset,11111X1111X2X,394443,11340,422,106
201703,Europatipset,X111211211221,14849,88,0,0
201703,Europatipset,11XX1111221X1,10847,188,0,0
201702,Europatipset,11111X2X12111,14121,158,0,0
201702,Europatipset,X1X2111X2212X,10000000,134693,2973,495
201701,Europatipset,211X1112121X2,322025,3377,130,35
201701,Europatipset,11111X221111X,1498,47,0,0
201652,Europatipset,X1111111121X2,4582,126,0,0
201651,Europatipset,111X2X2X1XX1X,404133,7496,295,79
201650,Europatipset,22121X11X22X1,275,16,0,0
201650,Europatipset,1111X1112X212,163902,2453,101,23
201649,Europatipset,111X211X22211,17707,270,0,0
201649,Europatipset,1X1211212121X,173303,2312,97,27
201648,Europatipset,2111121X212X1,119729,1256,48,0
201648,Europatipset,X1X1X121X2X11,38460,766,43,15
201647,Europatipset,112X12212X2X1,13427,229,0,0
201647,Europatipset,1X112X2111122,120409,892,35,0
201646,Europatipset,2XXX1X2X11X21,578397,6037,256,68
201646,Europatipset,212X112X1X212,111705,1871,69,19
201645,Europatipset,X11112222121X,1270,35,0,0
201645,Europatipset,12111X121X21X,18632,228,0,0
201644,Europatipset,211XX1X11121X,158425,2146,83,21
201644,Europatipset,21121X1X21112,61673,1155,49,15
201643,Europatipset,111X1221221X2,66199,1461,71,22
201643,Europatipset,2XX2111X211X1,95146,1663,67,19
201642,Europatipset,XX122122211X1,2899,57,0,0
201642,Europatipset,11111X2X122X2,393811,4790,194,53
201641,Europatipset,X11X12122X1X2,1061533,2968,91,22
201641,Europatipset,11212X121X1X2,18130,449,23,0
201640,Europatipset,X212X12X212X1,1662,66,0,0
201640,Europatipset,121X21222X111,2271,42,0,0
201639,Europatipset,2XX11121X1XX1,39401,615,33,0
201639,Europatipset,12X1X111111X1,193938,2593,113,33
201638,Europatipset,22112X2XXX221,646787,7236,302,80
201638,Europatipset,2121XXX111XX1,108915,2174,93,27
201637,Europatipset,XXX2111212212,34583,526,27,0
201637,Europatipset,1111211111112,3018,86,0,0
201636,Europatipset,X1XX11221X11X,217327,1825,80,23
201636,Europatipset,X222XX1122211,64639,1466,67,21
201635,Europatipset,1X1121X11121X,91614,469,18,0
201635,Europatipset,2X1XXX221X111,5536,124,0,0
201634,Europatipset,X111X122222X2,4199,81,0,0
201634,Europatipset,1X21111121X11,6300,128,0,0
201633,Europatipset,XXX122X11X12X,183318,2675,113,33
201633,Europatipset,1X12212121111,61893,902,42,0
201632,Europatipset,1112X1XX1X112,77243,2018,105,35
201632,Europatipset,22X2X1122X21X,406228,7132,284,72
201631,Europatipset,1111112121X11,32518,465,25,0
201631,Europatipset,22111X12XXXX1,373111,6153,296,84
201630,Europatipset,X1X12121XX2XX,930777,15291,641,152
201630,Europatipset,1XX22222X1XXX,10000000,47505,1700,394
201629,Europatipset,1X211XX21X221,108550,2400,88,24
201629,Europatipset,221212221XX2X,355543,6072,253,67
201628,Europatipset,1X122X111X1X1,14711,273,18,0
201628,Europatipset,XXXX11111X1X1,1864237,12019,457,113
201627,Europatipset,21XXX2X211221,1529479,6298,164,38
201627,Europatipset,21X12X1X11121,7090,197,0,0
201626,Europatipset,X221211XXX111,97433,2585,111,31
201626,Europatipset,12221112X2122,36033,952,43,0
201625,Europatipset,221X1X111X2X1,275267,3613,132,36
201622,Europatipset,X1221XX212112,949667,15601,633,170
201622,Europatipset,11X22X1222X21,1454591,14673,708,170
201621,Europatipset,X11X21X211X21,52473,534,30,0
201621,Europatipset,2121X2X112X12,335707,3582,121,32
201620,Europatipset,222X1111X22X1,62014,1055,48,15
201620,Europatipset,XX1XXXX1112X1,10000000,67458,2103,411
201619,Europatipset,X11X211X1X211,34935,891,45,16
201619,Europatipset,11222111XX21X,774553,12371,498,134
201618,Europatipset,11122X2111122,8613,200,0,0
201618,Europatipset,12X1X12XX2122,95026,1427,61,19
201617,Europatipset,X11121111XXX2,274008,5792,209,51
201617,Europatipset,X11221X12X122,803671,12718,441,100
201616,Europatipset,1112X1111X122,13927,196,0,0
201616,Europatipset,11XX1X211X211,298925,2950,121,35
201615,Europatipset,11211211121X1,285760,2200,86,24
201615,Europatipset,X2X2X11221X11,10000000,115922,2704,492
201614,Europatipset,112XX1XX12211,96342,978,47,15
201614,Europatipset,11111211X2211,6484,191,0,0
201613,Europatipset,X2212111X221X,1263929,16150,415,88
201613,Europatipset,12X21X22X2X12,10000000,31957,1038,249
201612,Europatipset,1111X121X1221,18990,190,0,0
201612,Europatipset,X2X1112X121X2,203822,2596,124,36
201611,Europatipset,XXX1X121X21XX,519434,4768,200,56
201611,Europatipset,2X11X21X22212,10000000,21012,496,106
201610,Europatipset,1121XX2X21111,117379,3538,164,46
201610,Europatipset,1211X1122111X,2645,53,0,0
201609,Europatipset,211111X211112,100051,1019,36,0
201609,Europatipset,1X22X1111X111,208339,2872,131,38
201608,Europatipset,2X11212X1X11X,2937,110,0,0
201608,Europatipset,X1122X11X1X21,4543226,38191,1173,240
201607,Europatipset,111XX11X2XX22,688477,9473,427,125
201607,Europatipset,12222X2112X11,621955,7859,289,69
201606,Europatipset,X1221X22XX211,10000000,22756,733,155
201606,Europatipset,2212112X212XX,50242,765,39,0
201605,Europatipset,1X11122XX1111,23295,529,26,0
201605,Europatipset,X1X2XX1X2X222,970281,9823,389,96
201604,Europatipset,12XXX2X212212,10000000,80141,1862,390
201604,Europatipset,21121X1XX1X12,92066,1163,51,16
201603,Europatipset,11X2111X121X1,9694,236,0,0
201603,Europatipset,2XXX1112212XX,932892,19819,831,192
201602,Europatipset,XXX1122111212,110213,1829,77,23
201602,Europatipset,2X112X121XX21,326281,3061,111,30
201601,Europatipset,X11X2X221X21X,737499,2921,120,33
201601,Europatipset,12X21X12222XX,1004510,25670,918,213
201553,Europatipset,X1X21211121X2,402255,4393,176,47
201553,Europatipset,221121X211112,642,26,0,0
201553,Europatipset,2X2X212XX1X2X,10000000,281654,6253,1176
201551,Europatipset,21XX1X12111XX,413377,10804,327,72
201551,Europatipset,X2122X21211X1,10000000,51489,941,169
201550,Europatipset,11112X1111222,17724,315,18,0
201550,Europatipset,X2X1111X111X1,493185,8046,205,43
201549,Europatipset,2122211121X22,79358,1746,73,21
201549,Europatipset,1X111X1221XX2,344130,10061,457,117
201548,Europatipset,111222X211212,162803,2199,107,35
201548,Europatipset,1XX221212XX2X,373861,7498,276,68
201547,Europatipset,XX11X11X22112,264931,6142,225,58
201547,Europatipset,112X221X111X2,159850,4225,198,59
201546,Europatipset,1XX22121121XX,211077,3215,118,29
201546,Europatipset,111122X1XX111,334314,7766,314,80
201545,Europatipset,11111X221111X,4870,109,0,0
201545,Europatipset,1XX2111211221,1086816,11133,440,107
201544,Europatipset,11X1112111X21,5709,88,0,0
201544,Europatipset,1X121XX2X2112,269475,3869,196,61
201543,Europatipset,12X2X111211XX,30650,518,26,0
201543,Europatipset,X2X12111X2121,24423,472,24,0
201542,Europatipset,1221211211X21,7882,103,0,0
201542,Europatipset,1122X112X1X21,83930,1288,61,19
201541,Europatipset,21221111121X1,303569,2658,98,27
201541,Europatipset,1X21222XX2211,21533,493,23,0
201540,Europatipset,1121212122XXX,390159,5078,225,61
201540,Europatipset,1XX11X1X12X11,281411,4866,177,45
201539,Europatipset,2111112121X12,53204,645,33,0
201539,Europatipset,222111X221XX2,565436,10990,407,109
201538,Europatipset,11111221222X2,51640,604,32,0
201538,Europatipset,X22111X21X111,49698,643,28,0
201537,Europatipset,22X1112211222,6311,100,0,0
201537,Europatipset,122111XX21212,58308,748,34,0
201536,Europatipset,X1111X1112121,478137,4582,183,50
201536,Europatipset,12XX211X2X21X,10000000,43895,1145,222
201535,Europatipset,1X1XXX12XX212,712041,8076,331,88
201535,Europatipset,111222X211X11,323218,8850,274,62
201534,Europatipset,1X21X1X2X12XX,1065878,8320,321,83
201534,Europatipset,2X2X22XX21222,10000000,12628,296,60
201533,Europatipset,21221X1221111,271885,2687,117,32
201533,Europatipset,1111X2X1X2111,5012,156,0,0
201532,Europatipset,1211111X222X2,61580,552,23,0
201532,Europatipset,1XX2212X22X22,10000000,114783,1839,311
201531,Europatipset,1XX12X1111112,2128,79,0,0
201531,Europatipset,11121221122X1,120184,1430,58,17
201530,Europatipset,2X12221112111,15740,132,0,0
201530,Europatipset,11X1X2X2X2211,2333557,9242,229,50
201529,Europatipset,XX11X11X122XX,410232,6350,256,65
201529,Europatipset,X1121111X1X11,25055,680,36,0
201528,Europatipset,XX11X21212111,89246,1005,50,16
201528,Europatipset,11X1X221X1111,31426,782,36,0
201527,Europatipset,11121111X221X,38160,941,44,15
201527,Europatipset,XX1X211XXX121,10000000,41205,1194,242
201526,Europatipset,111222X1X1X21,137592,3356,153,43
201526,Europatipset,X2212XXX1X2X1,123023,2220,96,29
201526,Europatipset,12X21XX1122X1,233951,5013,160,39
201525,Europatipset,211222X112111,164390,1708,73,22
201524,Europatipset,X11211XX2X2X2,107761,3278,161,47
201524,Europatipset,1X21222X22X11,7392,204,0,0
201523,Europatipset,121XX12111111,9744,273,16,0
201523,Europatipset,X21X12XX21212,801822,8937,307,70
201522,Europatipset,X22121X121112,87643,1056,37,0
201522,Europatipset,1X1121XX1122X,210801,3700,159,44
201521,Europatipset,X111112XX11X1,6894,185,0,0
201521,Europatipset,2121XX12X1X11,499796,5618,225,57
201520,Europatipset,X1X2111XX221X,927671,35560,1867,436
201520,Europatipset,1X211X2211X12,214414,3269,112,29
201519,Europatipset,1122XX111X1X1,823883,9890,419,106
201519,Europatipset,X2222XX111112,190801,4609,193,53
201518,Europatipset,111X2121212X2,1209,43,0,0
201518,Europatipset,22111X2122222,52647,700,33,0
201517,Europatipset,X1221111111XX,3105,107,0,0
201517,Europatipset,X121111212X12,119354,1355,55,16
201516,Europatipset,21X2X111XXX12,274823,3835,149,43
201516,Europatipset,122X2X1211X1X,83724,2125,94,28
201515,Europatipset,122XX2X21XXXX,235436,5173,262,78
201515,Europatipset,121XX1X211122,498404,8886,344,92
201514,Europatipset,211X1X2X112XX,197202,1919,76,22
201514,Europatipset,X121X22221XX1,114730,2039,88,26
201513,Europatipset,112X22X112221,577698,3622,130,33
201513,Europatipset,X11X1111XX2XX,12603,373,22,0
201512,Europatipset,1222X2X1X212X,89335,2014,83,24
201512,Europatipset,2221121X1X122,4095,128,0,0
201511,Europatipset,121X2X2XX11X1,1140772,6247,169,38
201511,Europatipset,11111XX21X112,86632,2008,84,22
201510,Europatipset,1122112122X12,18327,399,19,0
201510,Europatipset,XX11XX1X11122,517377,7096,270,69
201509,Europatipset,2121111112121,456,24,0,0
201509,Europatipset,112X1221X221X,522669,4316,168,44
201508,Europatipset,XXX2X212111X2,255463,5322,202,52
201508,Europatipset,X2111XX21X1XX,92757,1762,78,24
201507,Europatipset,1112121X22212,36653,929,46,15
201507,Europatipset,11112112X222X,1075501,14550,558,158
201506,Europatipset,22122XX1X1X2X,610298,15257,560,125
201506,Europatipset,XX1222X1XX1XX,2301071,36753,1397,335
201505,Europatipset,X21221X1X1X2X,380287,4969,182,50
201505,Europatipset,21111211X11XX,378756,10051,267,57
201504,Europatipset,111111X1111X1,8950,159,0,0
201504,Europatipset,X11X2X12X2122,464614,4123,155,39
201503,Europatipset,12121X121112X,3229,85,0,0
201503,Europatipset,212112X122X1X,46804,488,20,0
201502,Europatipset,XXXXX21122111,10000000,23196,579,113
201502,Europatipset,1221XX2X111XX,686062,10549,390,92
201501,Europatipset,X1X1XX11X1122,826485,7775,295,76
201501,Europatipset,1212221111X12,43759,1162,57,17
201452,Europatipset,1222212122121,7203,211,0,0
201451,Europatipset,21XX21212X2XX,182562,1315,61,20
201451,Europatipset,X22XXXXX12X21,2240683,14809,504,116
201450,Europatipset,1112121X1121X,1572,39,0,0
201450,Europatipset,122X221X2X111,10000000,57435,1617,297
201449,Europatipset,11X2X21X22X1X,222945,3437,170,51
201449,Europatipset,111221X111X12,41302,758,31,0
201448,Europatipset,212X21111X2X1,351965,3987,125,32
201448,Europatipset,2122211121111,6365,176,0,0
201447,Europatipset,1X11222211111,14498,326,17,0
201447,Europatipset,22X2XX1111112,299878,3714,153,41
201446,Europatipset,1221112111X12,350400,1828,41,0
201446,Europatipset,111X12XX2221X,334115,5224,215,53
201445,Europatipset,1221X12122X2X,167466,3245,119,30
201445,Europatipset,X1X122X1X21X1,10000000,43034,1107,247
201444,Europatipset,22112XX111111,289299,5619,161,33
201444,Europatipset,12X111X112211,379354,3735,124,31
201443,Europatipset,11211X221XX12,113410,2548,102,28
201443,Europatipset,X1211X1X21121,407201,4502,172,45
201442,Europatipset,XX22222121X2X,2563197,130869,3251,564
201442,Europatipset,121121X21XX11,170274,2789,105,29
201441,Europatipset,XX21121122X22,10000000,15031,381,72
201441,Europatipset,1112221212X21,1525,37,0,0
201440,Europatipset,1112121X12X11,37119,748,31,0
201440,Europatipset,111222111121X,734047,10011,380,98
201439,Europatipset,11211222X2211,28913,345,18,0
201439,Europatipset,1X122XXX112X1,575630,6337,258,67
201438,Europatipset,11X1XXX1XX1XX,47844,1255,61,21
201438,Europatipset,X222X1X121X1X,10000000,325236,5784,896
201437,Europatipset,112122121X111,10000000,38843,988,213
201437,Europatipset,12X122X2X1121,505955,5584,221,55
201436,Europatipset,1112211211222,66422,845,44,15
201436,Europatipset,1221222X21222,285989,7613,228,48
201435,Europatipset,1121221212122,54925,817,28,0
201435,Europatipset,1X21112X21X11,28409,534,29,0
201434,Europatipset,1X2X1XX21121X,663737,6944,253,67
201434,Europatipset,XX112X2XX22X1,750783,10157,411,103
201433,Europatipset,X21X111211122,4764,130,0,0
201433,Europatipset,1211111X22111,29056,405,20,0
201432,Europatipset,111221X111X2X,38044,938,37,0
201432,Europatipset,1121XXX112111,886277,5649,211,56
201431,Europatipset,XX22XX21X12X1,10000000,14434,471,112
201431,Europatipset,221X111121XX2,1634514,8772,387,111
201430,Europatipset,2111211212221,15308,360,17,0
201430,Europatipset,1X1X1121212X1,341114,5040,208,58
201429,Europatipset,X12X211X2XX11,589237,14730,493,111
201429,Europatipset,1111X1XX1X12X,817386,18799,613,136
201428,Europatipset,1112112X11X21,1878,64,0,0
201428,Europatipset,XXX1X1X111X12,140399,1732,75,24
201427,Europatipset,X1XX11211X111,259229,3289,117,29
201427,Europatipset,X1X1X21112112,165865,3137,149,44
201426,Europatipset,2122X21212X12,33290,488,23,0
201426,Europatipset,1X11122X21121,133949,934,39,0
201425,Europatipset,1XX2211X222X1,5475908,39098,921,188
201424,Europatipset,112112211111X,121646,593,21,0
201423,Europatipset,1X2212XX11X21,67007,906,47,16
201422,Europatipset,1X2111XXX1222,396899,9711,325,75
201422,Europatipset,2XX1212222XX1,10000000,70345,1631,347
201421,Europatipset,1111X11221XXX,45751,1378,66,20
201421,Europatipset,X2X121X121222,570712,13394,519,121
201420,Europatipset,X112221121221,319023,3682,148,41
201420,Europatipset,2X112211X221X,82964,1608,71,22
201419,Europatipset,11X1112X212X2,579265,4936,194,51
201419,Europatipset,XX1XX1222X121,10000000,87355,1424,269
201418,Europatipset,221XXX1121X21,831059,7249,329,96
201418,Europatipset,1X1X211X12XX1,10000000,116199,2321,380
201417,Europatipset,2212212111X12,18213,301,0,0
201416,Europatipset,2X2X21X212112,10000000,35195,839,162
201416,Europatipset,11121X22XX21X,392731,3797,165,48
201415,Europatipset,1121212221X11,126959,1191,53,17
201415,Europatipset,112X21212XX11,14424,360,19,0
201414,Europatipset,XX2X2XX1XX111,1408791,17609,670,153
201414,Europatipset,1211X22112121,4690,147,0,0
201413,Europatipset,1111111212211,64110,831,43,15
201413,Europatipset,1X2111X1211X2,192523,2795,99,27
201412,Europatipset,1111X111X2121,381488,6195,277,69
201412,Europatipset,22121X212222X,10000000,91669,1558,286
201411,Europatipset,1X1X12X221222,139432,2269,87,24
201411,Europatipset,2211212122121,15031,410,22,0
201410,Europatipset,111221X1XX11X,98788,1335,69,23
201410,Europatipset,122XX11112X21,497726,8607,283,64
201409,Europatipset,X221111XX1222,221156,3179,102,24
201409,Europatipset,11X1X112121X1,37239,829,38,0
201408,Europatipset,22122XXXX22XX,1281448,21052,846,208
201408,Europatipset,11121112XX2XX,896478,11455,410,86
201407,Europatipset,21X21X21221X1,38383,816,39,0
201407,Europatipset,112X22X2122XX,3072744,36686,1261,308
201406,Europatipset,2X221X222X21X,323127,7635,290,76
201406,Europatipset,X1X2X1X12122X,1927645,20913,670,141
201405,Europatipset,111XX12XXXX11,16809,287,19,0
201405,Europatipset,11X11X212121X,663469,8927,364,99
201404,Europatipset,222121X22211X,403754,3544,131,35
201404,Europatipset,11222X1X12X11,12141,270,0,0
201403,Europatipset,12211X212111X,191826,1831,78,21
201403,Europatipset,1XX11X2112121,60073,1518,65,18
201402,Europatipset,11111XX1111XX,14778,267,16,0
201402,Europatipset,2221212121221,68346,877,29,0
201401,Europatipset,21X12X21122X1,199594,4059,156,41
201401,Europatipset,1X1112X211X22,26623,494,22,0
201352,Europatipset,122121X22X211,294083,4515,168,42
201352,Europatipset,22XXX1111X12X,134700,2200,98,28
201351,Europatipset,221X11X21X1X2,10000000,60530,1686,334
201351,Europatipset,21X21X11XXX21,68612,1105,54,18
201350,Europatipset,1211111X21212,95205,1529,64,18
201350,Europatipset,211X2XX12X221,998686,18827,805,180
201349,Europatipset,2212X212111X1,311628,3267,80,17
201349,Europatipset,X1X12112X22X1,204664,4814,213,62
201348,Europatipset,122111111121X,1045,39,0,0
201348,Europatipset,1111211XXX11X,517056,3504,115,27
201347,Europatipset,211X1222XX111,10000000,10927,293,60
201347,Europatipset,X112XX1122121,318223,4347,200,61
201346,Europatipset,11X112X21X1X2,912816,7289,251,59
201346,Europatipset,1X11XX1111111,6928,213,0,0
201345,Europatipset,21X11111X2121,10509,273,15,0
201345,Europatipset,11X2XXX1X1112,326366,5344,204,54
201344,Europatipset,112X211X2X2XX,10000000,83383,1864,319
201344,Europatipset,11212X2X111X1,279173,3064,146,42
201343,Europatipset,11112X111XX11,1567,34,0,0
201343,Europatipset,1X1112112111X,50463,816,40,0
201342,Europatipset,21X122X11X121,124317,2196,71,17
201342,Europatipset,2XX111X22X2XX,10000000,334829,4367,800
201341,Europatipset,11X21111211X1,1850,36,0,0
201341,Europatipset,212X21212X11X,3377098,12933,509,116
201340,Europatipset,21XX12112XXXX,234873,3177,129,36
201340,Europatipset,2X1XXX1111122,966384,11457,301,64
201339,Europatipset,211X12212111X,6203,122,0,0
201339,Europatipset,21X1X21221XXX,1207029,22420,882,217
201338,Europatipset,12211211X11X2,90467,683,25,0
201338,Europatipset,12221X1X111X2,29306,642,37,0
201337,Europatipset,21221212212X2,27784,847,43,15
201337,Europatipset,XX12122X1111X,331227,8736,379,91
201336,Europatipset,211X211X1122X,26212,491,21,0
201336,Europatipset,1X11X21X1111X,332884,3846,173,51
201335,Europatipset,X1211XXX22X11,35438,483,24,0
201335,Europatipset,11221XXX22222,155438,2389,101,29
201334,Europatipset,X222XX2122122,70296,1855,93,30
201334,Europatipset,1122111X21112,65115,947,32,0
201333,Europatipset,1X121XXX112X2,942958,23573,723,137
201333,Europatipset,121XX21X1221X,142908,1993,61,17
201332,Europatipset,XXX221X12X212,764402,8618,346,91
201332,Europatipset,11X2211X1XX22,644059,7715,257,59
201331,Europatipset,1X1X21121211X,22684,703,43,16
201331,Europatipset,12X112X121X22,117313,2409,83,23
201330,Europatipset,112121X1XX112,10000000,17415,430,88
201330,Europatipset,1211X221X1122,558786,4880,160,39
201329,Europatipset,221X121X12X2X,10000000,56949,1575,251
201329,Europatipset,22222111X11XX,2295124,11063,447,106
201328,Europatipset,XXXX211222122,323729,8864,271,69
201328,Europatipset,1111122X12XX2,36736,629,30,0
201327,Europatipset,1222XX12XXX2X,10000000,99448,3517,735
201327,Europatipset,1X2XX1X2112X2,553497,9946,456,146
201326,Europatipset,1X11221211X12,134236,2701,113,31
201326,Europatipset,22122112112X1,86016,2618,112,31
201326,Europatipset,221121XXX1X11,304481,7839,261,55
201325,Europatipset,XX2XX211222XX,295429,16439,676,152
201324,Europatipset,12X11X2221X11,419686,663,24,0
201324,Europatipset,12X1X2211X121,612399,8897,300,71
201323,Europatipset,112XX212X2XX2,10000000,59488,1700,364
201323,Europatipset,112XX2X212121,33345,389,22,0
201322,Europatipset,X11221X122112,7174,178,0,0
201322,Europatipset,X111111212X22,487418,2955,96,25
201321,Europatipset,X1XX12111XX11,18655,547,31,0
201321,Europatipset,2X1211X22XX11,464132,6312,242,60
201320,Europatipset,22111121XX1X1,1746796,36231,1176,240
201320,Europatipset,121211111212X,172086,1965,66,18
201319,Europatipset,X2122222X2X11,106728,1324,67,22
201319,Europatipset,11211X12X1111,19484,410,20,0
201318,Europatipset,12X12X111111X,33410,417,22,0
201318,Europatipset,1111111X21XXX,29740,259,0,0
201317,Europatipset,112111211X121,368872,3457,139,38
201317,Europatipset,X121211X2XX12,25146,616,31,0
201316,Europatipset,21X2X12X22XX1,434553,5029,207,57
201316,Europatipset,XXX2X11221211,16606,448,25,0
201315,Europatipset,11X2211211X22,10000000,47273,1196,227
201315,Europatipset,221X2221111X2,29272,414,22,0
201314,Europatipset,X11X2X2XX1222,366244,7261,343,92
201314,Europatipset,11XX1XX21X1XX,63887,1234,55,18
201313,Europatipset,X12XX1X221XX1,13708,465,27,0
201313,Europatipset,2XX21222X2212,1246134,8088,261,62
201312,Europatipset,X222X212X2XX2,869212,71399,1693,316
201312,Europatipset,1X21X22XX1211,329355,6312,260,66
201311,Europatipset,121XX11X2X22X,912545,11973,542,152
201311,Europatipset,2112121X1XX21,108377,2002,74,21
201310,Europatipset,21X1XX1XX121X,997647,12195,467,116
201310,Europatipset,XX122X1122XX2,10000000,111700,2723,551
201309,Europatipset,21112122121X2,253773,3601,160,43
201309,Europatipset,1XXX121121211,12776,342,18,0
201308,Europatipset,1X121X2212121,419141,4394,184,49
201308,Europatipset,2111112X1121X,38113,821,37,0
201307,Europatipset,XX12X111XX2X2,10000000,23008,502,99
201307,Europatipset,1112111212X12,100675,892,35,0
201306,Europatipset,212XX12111211,74644,1291,54,16
201306,Europatipset,11212X11X121X,378652,8779,329,73
201305,Europatipset,XX111XX111121,53509,753,42,15
201305,Europatipset,X211X11122121,108484,2543,107,29
201304,Europatipset,1XX2212XXX1X1,69355,1800,82,24
201304,Europatipset,1112121X22111,10000000,16826,499,103
201303,Europatipset,X221X1X22XX22,10000000,254893,2891,514
201303,Europatipset,1X121X2XX1221,140193,2097,94,28
201302,Europatipset,1111122XX12X1,252788,4233,145,34
201302,Europatipset,12X2X1X111X11,125770,2204,93,27
201301,Europatipset,1X11221X11212,14192,393,22,0
201301,Europatipset,X21X1121121X1,2662180,13326,151,29
201252,Europatipset,11X122X111XX1,49967,658,28,0
201252,Europatipset,222X1X11X1112,79271,1305,68,22
201251,Europatipset,221111XX2111X,67627,1054,44,0
201251,Europatipset,1X11122XXX12X,180363,2962,118,33
201250,Europatipset,11212211XXX21,62512,654,30,0
201250,Europatipset,1X121211X12X1,446677,4960,151,34
201249,Europatipset,1212X1222111X,15526,455,26,0
201249,Europatipset,2121121222111,1994,57,0,0
201248,Europatipset,XX1X111222112,227255,3128,132,37
201248,Europatipset,12XX1X211122X,394026,11188,310,69
201247,Europatipset,211122X22XX11,6621,157,0,0
201247,Europatipset,X1111XX121112,76353,862,41,0
201246,Europatipset,1X221X22X222X,1021978,41974,1622,347
201246,Europatipset,21111XX121112,51656,1201,51,15
201245,Europatipset,111111221XX21,261740,1454,55,16
201245,Europatipset,X212121122XX2,911660,11520,476,126
201244,Europatipset,X211X12X11X1X,10000000,37427,1087,265
201244,Europatipset,1X2XX1X122X11,10000000,31163,903,211
201243,Europatipset,21221111XX221,212489,3878,149,40
201243,Europatipset,2X12212212211,49024,1175,49,15
201242,Europatipset,X111X2XX21222,1475425,13466,393,88
201242,Europatipset,221XX2X2X1122,1526765,13301,539,141
201241,Europatipset,2221X22X12X1X,174613,3507,135,36
201241,Europatipset,22222111X2221,475429,2862,103,33
201240,Europatipset,111X22XX1X21X,102215,1384,63,20
201240,Europatipset,2X11X121X2X2X,460795,4256,136,35
201239,Europatipset,X2122X1XX2122,500082,11059,456,116
201239,Europatipset,X211211221X21,21443,453,18,0
201238,Europatipset,X1121X2121X21,32612,356,18,0
201238,Europatipset,X11X12X1XX1X1,258219,2550,102,30
201237,Europatipset,12X1X211121X1,986,35,0,0
201237,Europatipset,211221X1X2X21,1097,35,0,0
201236,Europatipset,12X121X22X211,4639,143,0,0
201236,Europatipset,11211XX1X1111,472982,2599,97,26
201235,Europatipset,1112X11221212,3443301,7508,223,50
201235,Europatipset,2X222211112X2,347573,3028,107,29
201234,Europatipset,X11111111X11X,11583,204,0,0
201234,Europatipset,X1X2211X222X1,10000000,29303,787,162
201233,Europatipset,221X22211XX11,327439,22150,1984,593
201233,Europatipset,1221XXX122111,13272,310,15,0
201232,Europatipset,XX2122222211X,10000000,23025,652,137
201232,Europatipset,21X1211X12212,726676,2884,109,29
201231,Europatipset,1X1XXXX221X1X,10000000,38723,1510,383
201231,Europatipset,2XX111212X222,681465,11847,489,130
201230,Europatipset,12122X2XXX121,19784,237,0,0
201230,Europatipset,11111122112X1,587793,2366,70,17
201229,Europatipset,1X1X2X21211XX,10000000,293944,3566,526
201229,Europatipset,2XXX12121XXX1,617152,9899,333,84
201228,Europatipset,1X11111122111,7064,78,0,0
201228,Europatipset,12122121X1212,205565,1737,61,18
201227,Europatipset,X21112XX21211,23256,534,25,0
201227,Europatipset,XX112X1222X11,10000000,34024,835,169
201226,Europatipset,11XX11111X1X1,269111,3115,126,35
201225,Europatipset,11X11X11X1X22,1024865,7077,253,56
201224,Europatipset,2112111112121,11518,278,16,0
201222,Europatipset,111121121X221,3248,92,0,0
201222,Europatipset,21X212X22XX11,570144,2758,95,26
201221,Europatipset,X2X212X212X21,276072,4460,231,69
201221,Europatipset,X1X11X1X11XX1,37769,921,46,16
201221,Europatipset,11121XX2XXX12,800949,8079,266,61
201220,Europatipset,1X1X12XXX1XX2,645976,7172,316,83
201220,Europatipset,2122221122212,8645,293,18,0
201219,Europatipset,221X2X11122X1,85525,753,43,16
201219,Europatipset,111X211121111,1003,43,0,0
201218,Europatipset,2211211X12211,8277,124,0,0
201218,Europatipset,121211XX2X1X1,10000000,14855,410,92
201217,Europatipset,1221X12111X11,26317,618,29,0
201216,Europatipset,11XX121XXX211,1973865,10656,300,63
201216,Europatipset,2221X121XXXX1,224468,4705,246,69
201215,Europatipset,111212X11XXXX,1158595,25622,888,172
201215,Europatipset,212211X121X12,57529,1071,45,0
201214,Europatipset,111121222X2X1,6374,97,0,0
201214,Europatipset,11XX111122X1X,2812448,17337,603,143
201213,Europatipset,2221XXX21222X,548344,9008,328,85
201213,Europatipset,11XX21111X1X1,10000000,10196,318,68
201212,Europatipset,121X1222XXX1X,10000000,228280,7940,1069
201212,Europatipset,2X222X11XX21X,776118,9245,405,104
201211,Europatipset,11121X1X11X11,9926,253,0,0
201211,Europatipset,11121XXXX1212,267521,4661,162,40
201210,Europatipset,1121X1X2111XX,39339,1215,63,21
201210,Europatipset,1X112XXX12211,278215,5516,189,45
201209,Europatipset,222X22X22X221,3007738,62516,3752,1020
201209,Europatipset,21121X2XX2212,335651,7975,320,79
201208,Europatipset,1222X1211112X,472923,9888,329,74
201208,Europatipset,X121112112111,2584,77,0,0
201207,Europatipset,21XXX12X12121,243303,2188,86,25
201207,Europatipset,X121X11X1211X,70518,1304,53,16
201206,Europatipset,22121X2112XX2,215835,1576,70,21
201206,Europatipset,2X21111112221,15032,311,15,0
201205,Europatipset,XX2X11X11X11X,10000000,21843,751,183
201205,Europatipset,XX2221X1XXX2X,10000000,161006,3521,670
201204,Europatipset,1111X21112XX2,239947,1910,81,24
201204,Europatipset,1211X21121X22,440155,7443,312,78
201203,Europatipset,1111XX11122X2,37976,616,25,0
201203,Europatipset,2112XX221X112,4262,108,0,0
201202,Europatipset,11211111121XX,5942,85,0,0
201202,Europatipset,11121121112X1,880286,8472,347,93
201201,Europatipset,22212111121X1,737938,19735,827,183
201201,Europatipset,1121X11112111,76766,1466,60,17
201201,Europatipset,212122XXX1112,103006,1229,47,0
201151,Europatipset,2212221XXX1X2,128717,1114,49,15
201150,Europatipset,11112211X11XX,13017,156,0,0
201150,Europatipset,121111X2121X1,13034,179,0,0
201149,Europatipset,1X212X1X122X1,976775,7545,275,71
201149,Europatipset,1X1X2XXX1X222,1503845,43235,1253,272
201148,Europatipset,212122XX1XX11,1281906,6346,258,63
201148,Europatipset,211X11X11X111,120797,1938,86,25
201147,Europatipset,X211XX1X112X2,346698,4013,151,41
201147,Europatipset,XX11221211211,36359,553,24,0
201146,Europatipset,1XX212111X211,55423,674,31,0
201146,Europatipset,21112X211XX11,250670,2696,100,28
201145,Europatipset,1X21211X21X2X,87497,2069,80,22
201145,Europatipset,2111X2X1222X2,10000000,41263,1209,307
201144,Europatipset,121XX22212X11,89841,1236,61,19
201144,Europatipset,21XX11121X1XX,725094,11744,356,83
201143,Europatipset,1X111222XX211,49681,889,41,0
201143,Europatipset,111112111XXX1,17005,294,17,0
201142,Europatipset,111121XX1X212,17359,388,19,0
201142,Europatipset,221X12X121X11,10000000,46397,1113,191
201141,Europatipset,1X111X112X121,29499,481,22,0
201141,Europatipset,X111X111XX211,245510,3446,132,36
201140,Europatipset,222X11222X1X1,25133,511,25,0
201140,Europatipset,1X21111212X11,48297,531,24,0
201139,Europatipset,X111X211X1221,16104,362,17,0
201139,Europatipset,111X221212111,98525,2238,99,29
201138,Europatipset,X111X112X12XX,471862,7536,213,50
201138,Europatipset,X1XXX2XXXXX1X,630022,11877,646,208
201137,Europatipset,2X2X1XX2X21XX,10000000,13491,308,64
201137,Europatipset,1X11211X21211,2542133,15628,427,88
201136,Europatipset,22X1X11111211,458,0,0,0
201136,Europatipset,X1X11XX112221,3547967,23432,707,143
201135,Europatipset,11X2221122222,104212,1129,43,0
201135,Europatipset,1XX212X1X2122,10000000,101255,1914,377
201134,Europatipset,21211212X2112,349491,2675,114,32
201134,Europatipset,2121111X2X112,63217,866,32,0
201133,Europatipset,1111112X211X2,142019,2346,96,27
201133,Europatipset,211112X1X2X12,24656,636,31,0
201132,Europatipset,21XX1111X1122,1749656,5684,192,49
201132,Europatipset,X211212X1212X,114374,2596,101,26
201131,Europatipset,X1X2XX11X1111,142785,1579,69,20
201131,Europatipset,2XX1212111122,10000000,17428,377,70
201130,Europatipset,111X2X1211111,2867,54,0,0
201130,Europatipset,2211211X11211,91354,995,44,0
201129,Europatipset,21X1212X11111,27025,236,0,0
201129,Europatipset,1211X11111XX2,68224,727,31,0
201128,Europatipset,1X2X112112XXX,7835,119,0,0
201128,Europatipset,X121111121X2X,70701,1001,46,15
201127,Europatipset,X12X11122X121,975710,4468,154,41
201127,Europatipset,11121X22X1X11,1650,63,0,0
201126,Europatipset,2121212121122,8375,299,20,0
201126,Europatipset,11X2112211XX2,157927,1940,81,23
201126,Europatipset,21121X1X111XX,57332,926,38,0
201125,Europatipset,X1X122XX11X12,529968,4851,180,46
201124,Europatipset,X22X112X11211,69432,706,37,0
201124,Europatipset,1X1X212112211,14200,246,0,0
201123,Europatipset,1211111X1XX21,8256,189,0,0
201123,Europatipset,11XX1211111X1,7326,131,0,0
201122,Europatipset,22X2211X112X1,6007,118,0,0
201122,Europatipset,11XX1X12121X2,663026,5929,282,70
201121,Europatipset,1211X11121X22,5877,147,0,0
201121,Europatipset,122X2X1111X22,128165,2353,103,30
201120,Europatipset,11111XXX112X1,44003,832,40,0
201120,Europatipset,11X2122X11212,370112,4863,229,69
201119,Europatipset,XXX11X2XX21X1,615464,7222,218,54
201119,Europatipset,22212XX11X12X,281191,6929,312,80
201118,Europatipset,1111112X2X211,833423,8916,368,97
201117,Europatipset,1111111X1X21X,4338,160,0,0
201116,Europatipset,X1X111X222122,93990,2615,116,33
201116,Europatipset,111111XXX12XX,369886,8861,367,91
201115,Europatipset,122112XXXXX22,744518,7396,298,78
201115,Europatipset,2X2X2X2X21111,1196744,25486,1188,282
201114,Europatipset,211121211XX12,14970,335,16,0
201114,Europatipset,111221X11XX11,4218,108,0,0
201113,Europatipset,1111XX2XX2122,4815,94,0,0
201113,Europatipset,12X2XX12121X2,390766,6348,250,57
201112,Europatipset,22122111X2X2X,47621,1085,49,15
201112,Europatipset,1111XX1X11X11,2155,90,0,0
201111,Europatipset,X12X1X1111X11,103208,1609,62,18
201111,Europatipset,1X212X11212X1,59801,1395,64,19
201110,Europatipset,1111222121X1X,1231729,11101,454,116
201110,Europatipset,111XX12122X2X,194078,3650,161,46
201109,Europatipset,11112XX2X11X2,230236,1151,48,15
201109,Europatipset,1X11211XXX222,10000000,24144,759,148
201108,Europatipset,2X1111111XX2X,8327,220,0,0
201108,Europatipset,2X2XX1X2121XX,10000000,229952,5051,796
201107,Europatipset,122XXX2X12221,10000000,195628,3124,525
201107,Europatipset,1X1112X11XX22,155307,1536,65,19
201106,Europatipset,21X1121XXX11X,10000000,4239,159,41
201106,Europatipset,1121X21111211,10024,193,0,0
201105,Europatipset,1X221111X122X,1152044,8863,397,94
201105,Europatipset,21X1X1XX121XX,82110,1433,64,19
201104,Europatipset,11XX111221X11,11642,146,0,0
201104,Europatipset,X11221211122X,10000000,57298,1367,253
201103,Europatipset,1X1X2X111X212,14958,141,0,0
201103,Europatipset,111X2111112X2,5876,139,0,0
201102,Europatipset,11111X121X11X,974557,5318,150,35
201102,Europatipset,XXX1111X1X221,44950,805,35,0
201101,Europatipset,X21X111XX1211,10000000,56240,1207,237
201101,Europatipset,11X1X1211X22X,31753,270,0,0
201042,Europatipset,1X1X111X11XX2,1821,44,0,0
201042,Europatipset,21X11111XXX11,63464,881,42,0
201041,Europatipset,12X2X122X2112,12898,230,0,0
201041,Europatipset,1212211211X1X,153216,1414,48,0
201040,Europatipset,1X21211212X12,395465,634,24,0
201040,Europatipset,111111111XX21,17357,182,0,0
201039,Europatipset,21121121X2X1X,119078,2416,96,28
201039,Europatipset,12112X1X111XX,10000000,14194,391,81
201038,Europatipset,2XX1122X1XX1X,292193,1122,42,0
201038,Europatipset,X1221X1121121,146166,2930,134,38
201037,Europatipset,1X11211121X12,465,21,0,0
201037,Europatipset,122221XX11222,22160,297,15,0
201036,Europatipset,111XX21111212,20251,149,0,0
201036,Europatipset,X1X112X1X1211,1676461,20941,621,142
201035,Europatipset,12111X1X11X21,1251637,3305,119,31
201034,Europatipset,1111111122121,1736,34,0,0
201034,Europatipset,111X2121211X1,324122,3858,159,41
201033,Europatipset,21111X21X111X,97504,1673,69,20
201033,Europatipset,X1X2122121221,10000000,66662,2220,438
201032,Europatipset,1XX21XX21XX12,384943,6231,408,81
201032,Europatipset,XX11X112X2X12,67459,2770,204,52
201031,Europatipset,11212X1XX1112,71377,1096,61,16
201031,Europatipset,21X221222XXXX,10000000,111508,13118,2467
201025,Europatipset,11222X222212X,78846,636,44,12
201024,Europatipset,221122XX1X221,10000000,83469,4555,695
201023,Europatipset,XX11X22111XX1,16602,403,41,14
201022,Europatipset,222X2X1121211,10000000,2379,139,34
201022,Europatipset,11X1111X1X1X1,36845,474,50,16
201021,Europatipset,11X121X111X21,7167,75,0,0
201021,Europatipset,X1XX11222X212,607033,11877,1178,284
201020,Europatipset,222X222111112,498,0,0,0
201020,Europatipset,1X21111111211,709,11,0,0
201019,Europatipset,X21X22111112X,10000000,22172,970,164
201019,Europatipset,1X112112221X1,9481,70,0,0
201018,Europatipset,2X22X211X1111,279936,1336,104,28
201018,Europatipset,1111X1X2222X2,2826,79,0,0
201017,Europatipset,1111122122111,72827,519,45,14
201017,Europatipset,121XX2111XX22,5798,172,18,0
201016,Europatipset,12X2222X21X11,2122,75,0,0
201016,Europatipset,1222111X11112,9754,105,10,0
201015,Europatipset,1X11X212211X1,43967,933,83,24
201015,Europatipset,212XX2112222X,399092,15705,1511,397
201014,Europatipset,1111X1222X111,22932,128,14,0
201014,Europatipset,XX11X211X1211,269354,2887,220,60
201013,Europatipset,X1111XX2X1212,4415,157,18,0
201013,Europatipset,X1XX1212XX22X,10000000,9323,432,90
201012,Europatipset,1X12211XX12X1,7948,241,22,0
201012,Europatipset,12111XX1X111X,28865,406,38,12
201011,Europatipset,11121XXX11X11,186066,781,63,19
201011,Europatipset,1X212X121X112,40074,1058,92,26
201010,Europatipset,1XXX112X1XXX1,10000000,43249,1096,197
201010,Europatipset,X1XX11211X11X,5303,78,0,0
201009,Europatipset,212X12X121212,14042,415,41,14
201009,Europatipset,111XX1XX21XX1,236260,2780,142,32
201008,Europatipset,1X1XX1212X111,318423,1435,110,31
201008,Europatipset,21X2X11X12112,65069,1321,88,22
201007,Europatipset,112X1211111XX,284204,3976,251,63
201007,Europatipset,11X211X122211,3670,94,10,0
201006,Europatipset,1X1111X1XXX21,1157857,24912,1593,314
201006,Europatipset,X11X2111X2XX2,472212,7079,745,181
201005,Europatipset,21211X1122221,414,0,0,0
201005,Europatipset,1X12X1X111121,17765,176,19,0
201004,Europatipset,1X11121222211,10000000,6730,307,55
201004,Europatipset,2XX12121X2XXX,10000000,0,37788,5577
201003,Europatipset,11122222211X1,27770,505,41,13
201003,Europatipset,21X1X1112X2X2,150852,2261,191,46
201002,Europatipset,X1X11X211112X,112918,457,34,10
201002,Europatipset,21X11111X1XX1,11292,345,35,12
201001,Europatipset,2X2X112X11X12,10000000,27335,1534,272
201001,Europatipset,212111221X11X,3709,50,0,0
200953,Europatipset,2X112X111X21X,2896,75,10,0
200953,Europatipset,1211111112122,24030,162,17,0
200953,Europatipset,21221XXX1111X,228363,383,25,0
200952,Europatipset,2X22222112X11,10000000,22905,1003,228
200951,Europatipset,X12211121211X,28425,235,25,0
200951,Europatipset,XX211XX11111X,893570,2691,151,38
200950,Europatipset,2121111X211X2,7055,163,16,0
200950,Europatipset,2X2XX222X2122,10000000,140098,10595,2566
200949,Europatipset,1XX1111222222,54190,832,70,20
200949,Europatipset,X11X12X121111,76957,1606,115,30
200948,Europatipset,X11112X211211,135483,2132,129,25
200948,Europatipset,121221X12222X,44695,938,79,23
200947,Europatipset,12212X1XX2221,246676,14119,870,183
200947,Europatipset,1111XX2121XX2,67306,844,43,11
200946,Europatipset,121X111122X12,88034,5039,481,106
200945,Europatipset,X21XXX11XX11X,56977,1724,140,38
200945,Europatipset,12XX211121XXX,35799,1028,101,33
200944,Europatipset,X2X1X11111X11,42624,983,83,26
200944,Europatipset,211X22XXX1X21,483600,2899,219,57
200943,Europatipset,22112X112X111,13000,279,22,0
200943,Europatipset,1XXX21121111X,872937,4987,326,81
200942,Europatipset,121X2X21111X1,9507,263,23,0
200942,Europatipset,X11221X111X11,265776,3261,241,59
200941,Europatipset,11111X11X1122,102393,305,27,10
200940,Europatipset,X112121X111X1,24858,187,15,0
200940,Europatipset,1XX1221X1X11X,10000000,10255,698,153
200939,Europatipset,X2X111121122X,151096,1693,158,45
200939,Europatipset,1XX1111111221,26615,392,30,10
200938,Europatipset,X111X1221X1X2,7505,87,11,0
200938,Europatipset,1111X1121X211,21787,194,16,0
200937,Europatipset,2X2X1X12X21X1,48259,403,34,11
200937,Europatipset,1222112X11221,28181,331,26,0
200936,Europatipset,X11X2121X21X1,15041,140,17,0
200935,Europatipset,11X1212X211XX,418895,1048,80,23
200935,Europatipset,11X1112121X11,4878,113,13,0
200934,Europatipset,22212211211X2,10000000,21438,1031,206
200934,Europatipset,121221X2X1112,10000000,119738,4784,866
200933,Europatipset,122XXX121X122,297454,971,79,24
200933,Europatipset,1X111112X1221,143587,2583,161,38
200932,Europatipset,12XX1112X22X2,10000000,24867,1519,334
200926,Europatipset,X2111112121X2,38370,534,44,14
200926,Europatipset,11221111X2112,6061,129,12,0
200926,Europatipset,2XXX12X221111,375159,2408,185,48
200925,Europatipset,11X11X1X12211,22841,451,40,13
200924,Europatipset,1211111X2211X,2250,32,0,0
200924,Europatipset,X22111XX1121X,132579,728,62,19
200923,Europatipset,1X12111111121,128068,394,34,12
200923,Europatipset,X22112X212211,10000000,13452,1152,283
200922,Europatipset,11121XX1122X1,10000000,5456,393,77
200922,Europatipset,21111XX1121X1,2965,34,0,0
200921,Europatipset,XX2221X112122,10000000,14063,661,130
200921,Europatipset,2XX1X2X22111X,10000000,22031,1234,235
200920,Europatipset,2X21211122222,6443,156,16,0
200920,Europatipset,11111X2112X22,215640,2175,174,47
200919,Europatipset,X2X1X21111121,116699,3339,303,83
200919,Europatipset,1X12XXXXX2X1X,363722,6026,428,106
200918,Europatipset,12X1X1111X2X2,253982,5922,361,84
200918,Europatipset,2112X2111X12X,56642,1267,96,25
200917,Europatipset,1X11221112X22,85291,2440,156,38
200917,Europatipset,112X111XX1212,442077,4563,307,71
200916,Europatipset,2112X2X2X2111,10000000,15601,971,188
200916,Europatipset,X111111X2211X,97286,771,69,20
200915,Europatipset,211X111211112,1002,13,0,0
200915,Europatipset,X22221221X121,10000000,19557,804,150
200914,Europatipset,1112211X12111,2380,64,0,0
200914,Europatipset,21X11122X1122,16638,203,23,0
200913,Europatipset,X22X221X22XX1,138715,5634,481,125
200912,Europatipset,11X22111X2121,230160,3450,278,71
200912,Europatipset,1121X11211121,9285,275,31,11
200911,Europatipset,11X1X11111X12,22504,259,28,10
200911,Europatipset,212X221XX1X12,495954,5891,393,86
200910,Europatipset,2X2111221111X,649667,4064,331,89
200910,Europatipset,112122111XXX1,10000000,8339,338,71
200909,Europatipset,212XX11X112XX,10000000,5588,448,100
200909,Europatipset,XXXX112X22XXX,10000000,69927,7555,1556
200908,Europatipset,11XX212X1X221,278605,29236,1820,290
200908,Europatipset,XX211XX1X2221,474216,9047,618,138
200907,Europatipset,22X121X21XXX1,1057210,4131,227,51
200907,Europatipset,121X1X2X2XXX2,503926,10940,694,152
200906,Europatipset,X1X2X21111111,6447,75,10,0
200906,Europatipset,21X12111XX211,5696,100,12,0
200905,Europatipset,XX1X21X121111,177082,2534,150,34
200905,Europatipset,12XX21212111X,10000000,11702,490,90
200904,Europatipset,X2121X1211211,133707,3207,258,61
200903,Europatipset,1122X1211X1X1,13438,95,11,0
200903,Europatipset,XX1111X222112,859170,8131,673,140
200902,Europatipset,11XXX22122112,73502,381,29,0
200901,Europatipset,212111X2XX11X,46193,951,74,22
200852,Europatipset,1X1122X1XX2XX,119671,2093,184,51
200851,Europatipset,X11X2X121111X,60786,674,58,18
200851,Europatipset,X1X2221122111,507767,8880,573,127
200850,Europatipset,211XX12111112,51695,1808,171,46
200850,Europatipset,X11X1111X12XX,51327,850,67,20
200849,Europatipset,12XX1211X1XX2,10000000,10795,621,137
200849,Europatipset,2X1X222211XX2,738298,2668,191,50
200848,Europatipset,2XX2121121X21,157207,542,35,10
200848,Europatipset,2121111111221,8662,235,25,0
200847,Europatipset,12XX121222212,897053,2163,140,35
200847,Europatipset,2XXXX1XX22211,10000000,23414,1282,267
200846,Europatipset,1X2111112211X,248444,564,45,14
200846,Europatipset,XX1111X212111,2196,73,10,0
200845,Europatipset,2XXX1X22X2121,10000000,195518,4312,754
200845,Europatipset,X221211211X11,9429,133,13,0
200844,Europatipset,X122122X11111,9135,111,12,0
200844,Europatipset,1X2X1111X121X,1071361,7718,561,152
200843,Europatipset,111X22X1X212X,14609,388,37,12
200843,Europatipset,11X211XX1X212,10000000,26207,1506,326
200842,Europatipset,X2112212XX211,45616,1044,69,16
200842,Europatipset,X21112221X11X,17215,347,33,11
200841,Europatipset,X121111121212,11214,309,30,10
200840,Europatipset,X2X12111211XX,33864,909,82,24
200840,Europatipset,X12X2X2111111,246803,6756,396,76
200839,Europatipset,X12211X121122,6187,63,0,0
200839,Europatipset,12111221122X2,1096867,3947,320,84
200838,Europatipset,XXX2X11112211,10000000,5342,307,66
200838,Europatipset,XX1X22X122X1X,2869,78,11,0
200837,Europatipset,12XXX21X21122,10000000,4848,357,81
200837,Europatipset,X22X1111211X2,160666,1519,123,33
200836,Europatipset,2X1X2X2111121,39197,181,20,0
200836,Europatipset,2121111121112,2922,46,0,0
200835,Europatipset,1111X1X112112,1924,40,0,0
200835,Europatipset,X22XX1XX21211,10000000,262338,4629,841
200834,Europatipset,22XXXX212X21X,239605,2144,184,51
200834,Europatipset,1221111121XX2,22475,511,46,14
200833,Europatipset,1X1111XX1X111,129168,4784,412,108
200833,Europatipset,X112XX11X2211,10000000,15734,844,163
200824,Europatipset,2X21212222121,45300,1032,80,22
200823,Europatipset,2121X112221X1,8620,269,32,12
200822,Europatipset,12X1X12222X22,335685,1592,116,31
200822,Europatipset,2X1X12X2XX121,10000000,15446,818,130
200821,Europatipset,X2XX2X21X1122,10000000,61603,1863,366
200821,Europatipset,1X222112X111X,10000000,22996,1301,253
200820,Europatipset,1122212111221,556,22,0,0
200820,Europatipset,X1221X112122X,59207,794,72,23
200819,Europatipset,1221211211X22,4570,113,12,0
200819,Europatipset,1121X22X11X22,727557,11320,754,135
200818,Europatipset,XX112XXXX1122,10000000,72151,5456,1104
200818,Europatipset,XX12121211121,155798,766,51,14
200817,Europatipset,XX1XX1121X1XX,10000000,3952,230,55
200817,Europatipset,X2X1X2X211111,17268,186,22,0
200816,Europatipset,X12112112X211,25771,269,24,0
200816,Europatipset,122122211X112,19464,250,23,0
200815,Europatipset,1112XXX212X22,149987,1226,84,22
200815,Europatipset,1111211XXXX21,137757,2775,235,61
200814,Europatipset,121XX11X11122,298215,2582,185,46
200813,Europatipset,1X112X1222X21,10000000,7207,422,95
200813,Europatipset,2X111112X1221,10000000,3704,170,32
200812,Europatipset,1XXX12121XX1X,10000000,16618,962,215
200812,Europatipset,111121221X211,133072,1067,77,20
200811,Europatipset,1212X111XX111,137438,3265,212,46
200811,Europatipset,111X11X1X1111,429,20,0,0
200810,Europatipset,2112X1121211X,31134,402,40,12
200810,Europatipset,211X222121212,237556,3885,268,60
200809,Europatipset,X1X1111112XXX,39999,397,42,15
200809,Europatipset,1121XX121XXX1,10000000,46147,2342,417
200808,Europatipset,X21X112XX2X11,7505,219,24,0
200808,Europatipset,X111X2111X212,10000000,7909,359,71
200807,Europatipset,1X12X111X1222,3498,109,13,0
200807,Europatipset,2X12X1XX2X121,168835,1302,96,26
200806,Europatipset,X1212121122XX,269566,1222,95,27
200806,Europatipset,X2X12212111X2,128110,1306,90,25
200805,Europatipset,11XX1221X112X,39730,763,67,19
200805,Europatipset,122X1212211X2,10000000,22486,944,190
200804,Europatipset,2X1111X1X1X11,45149,548,45,14
200804,Europatipset,111X221XX22X1,256644,9793,673,142
200803,Europatipset,111X1XX112111,56540,466,34,11
200803,Europatipset,X1X122X1111X1,25909,426,36,11
200802,Europatipset,212122221212X,103982,1273,115,32
200801,Europatipset,1112212X11X1X,36598,533,54,18
200801,Europatipset,12212XXXX1X1X,10000000,7751,421,97
200752,Europatipset,X12121XXX11X1,4636,161,20,0
200751,Europatipset,112X2112112XX,17741,564,58,19
200751,Europatipset,2X211XX2X1X2X,288096,13436,930,201
200750,Europatipset,X112121221X21,5281,50,0,0
200750,Europatipset,1X2X22XXXXX1X,1147690,4523,316,83
200749,Europatipset,X1X12112122X1,1074,42,0,0
200749,Europatipset,11X1111X11121,1688,26,0,0
200748,Europatipset,2X1121X12X211,62203,1305,111,31
200748,Europatipset,21121X2121221,83023,2119,162,39
200747,Europatipset,1112XXX212X11,87872,522,37,11
200747,Europatipset,X211X21XX1X11,10443,318,33,12
200745,Europatipset,11111XX221XX2,86628,544,43,12
200745,Europatipset,22X2111XXX122,10000000,41787,2063,310
200744,Europatipset,111211X2X2X22,20186,164,18,0
200744,Europatipset,X2XXX12X12221,10000000,23664,1105,235
200743,Europatipset,111X1111XX12X,1087437,3098,200,44
200743,Europatipset,211X22X1X11X2,10000000,13824,614,122
200742,Europatipset,X11122X2X1X11,10000000,11188,557,110
200742,Europatipset,2221111X2122X,163191,395,28,0
200741,Europatipset,22X11XX1X11XX,301884,6554,496,127
200740,Europatipset,2222X221212X1,10000000,115215,7624,1455
200740,Europatipset,X122X2X2211X1,70954,791,68,22
200739,Europatipset,1X11112121221,26996,178,18,0
200739,Europatipset,1XX11X1XX2212,99382,1210,84,23
200738,Europatipset,1111121121X11,32192,208,19,0
200738,Europatipset,X21112XXXX12X,10000000,16340,821,173
200737,Europatipset,2X22X1121X111,10000000,2551,130,29
200737,Europatipset,12XX1X12X2XXX,10000000,8621,454,99
200736,Europatipset,1222222111X22,10000000,6530,359,85
200735,Europatipset,221X22111X111,22217,143,16,0
200735,Europatipset,2X21X1X22X122,193095,1790,134,35
200734,Europatipset,12222X11121X1,10000000,0,17059,1879
200734,Europatipset,21X2X22X2221X,10000000,301609,8403,1133
200733,Europatipset,XX11X21221XX1,196853,799,58,16
200733,Europatipset,1XX12121XX122,10000000,32010,3012,542
200732,Europatipset,X111221111111,87746,1661,135,37
200726,Europatipset,111111X212222,10000000,8438,384,89
200726,Europatipset,111X212122112,1318,48,0,0
200725,Europatipset,2XXXX1222X12X,10000000,32946,3488,1077
200725,Europatipset,X2X1121111121,84504,957,70,19
200724,Europatipset,121221X2211X2,10000000,23000,1873,455
200724,Europatipset,111222X22X121,30982,675,63,19
200723,Europatipset,1221121112X11,14,0,0,0
200723,Europatipset,2X11X1112X122,1187658,5045,257,54
200722,Europatipset,2221X21X21121,37425,478,46,15
200721,Europatipset,1111XX2XX2112,10000000,28230,2135,453
200721,Europatipset,1112122111112,3873,103,14,0
200720,Europatipset,XXXX22X122221,772391,12204,795,155
200720,Europatipset,2222211X1XX11,23136,449,39,13
200719,Europatipset,XX12XX2221111,10000000,41683,2322,472
200719,Europatipset,211XX2221X111,10000000,13426,571,102
200718,Europatipset,X12112X211XX2,1402263,10597,941,216
200717,Europatipset,1112222211X11,71138,3124,232,62
200717,Europatipset,11X111121X12X,1008,36,0,0
200716,Europatipset,2112121X11221,2609,26,0,0
200716,Europatipset,2XX11X1111222,1010950,30357,3304,677
200715,Europatipset,2X1XXX2X1X221,10000000,159710,6504,1312
200715,Europatipset,21X1X1XX11222,149019,689,51,15
200715,Europatipset,11X1X1111X121,8174,202,20,0
200714,Europatipset,X1X2112X12X2X,253157,4688,358,97
200713,Europatipset,1111X12X11212,53252,385,26,0
200713,Europatipset,1X2XX1X11X2X2,82866,540,43,14
200712,Europatipset,1X11X21211121,1917,59,0,0
200711,Europatipset,22221111X1112,9958,76,0,0
200711,Europatipset,1X1X111122X21,120266,1450,123,34
200710,Europatipset,1X1X22X1X11X2,65015,1650,146,44
200710,Europatipset,1XX2121X1XXXX,10000000,40570,2231,412
200709,Europatipset,112XX1X1XX1X1,375025,1817,162,46
200709,Europatipset,221X1111111X2,94032,1387,101,27
200708,Europatipset,X2XXXX111XX2X,115580,2695,261,77
200708,Europatipset,1111XXX222111,3291,95,11,0
200707,Europatipset,X211XX1211X22,142625,681,59,18
200707,Europatipset,211X21121X2X1,103227,2195,189,52
200706,Europatipset,122211111X212,2448,98,14,0
200706,Europatipset,1112121121211,8470,156,17,0
200705,Europatipset,11X11121X1211,99683,380,31,10
200705,Europatipset,22X211X211121,69503,1959,128,31
200704,Europatipset,XX211222X1XX1,10000000,146087,10312,1814
200704,Europatipset,X111121X21112,3490,75,0,0
200703,Europatipset,1121X1X122211,10000000,9330,696,152
200703,Europatipset,111X2X2X21XX1,71143,778,69,21
200702,Europatipset,2221X1211XX1X,10000000,21934,951,178
200701,Europatipset,XX11X12X11XX2,10000000,18578,970,233
200701,Europatipset,1X2X2X11212XX,669995,8309,975,318
200652,Europatipset,111X22122X211,10000000,8326,473,113
200651,Europatipset,1222112X22112,47365,532,40,12
200650,Europatipset,1211XX2211212,28716,551,42,12
200650,Europatipset,1211XX2112X22,275915,1951,114,28
200649,Europatipset,X1XX11X212X1X,2077837,7676,527,123
200649,Europatipset,XX221XX1212X2,546157,14328,973,212
200648,Europatipset,221X111112XX1,10000000,6419,417,82
200648,Europatipset,XX1X1XX1121X1,10000000,6125,338,75
200647,Europatipset,1211111X2X112,48999,374,34,11
200647,Europatipset,X122X11122XX1,2265,84,12,0
200646,Europatipset,11XX2X2X12112,50797,238,23,0
200646,Europatipset,X22121X111111,11217,159,17,0
200645,Europatipset,212X1X1122X22,10000000,20741,835,139
200645,Europatipset,121X121112XX2,5831,111,13,0
200644,Europatipset,X1111211X1211,242852,794,57,16
200644,Europatipset,11X112X11X111,42555,810,65,17
200643,Europatipset,212111112X2X1,6114,180,20,0
200643,Europatipset,12XXX2XX221X2,10000000,25867,1816,419
200642,Europatipset,111222212211X,1092,45,0,0
200642,Europatipset,1X212121211X1,57762,542,49,15
200641,Europatipset,221112121X212,339,13,0,0
200641,Europatipset,11X2111X2X21X,1325834,9671,705,171
200640,Europatipset,XX12121X12211,56148,1559,143,38
200639,Europatipset,2X2121X111112,61305,873,71,20
200639,Europatipset,XX121112X1X21,21735,537,49,15
200638,Europatipset,2X12XX21212X2,456222,1431,125,35
200638,Europatipset,112XX11111XXX,123541,1874,143,39
200637,Europatipset,X112X21X22X21,108440,815,71,21
200637,Europatipset,21X212112221X,13176,292,27,0
200636,Europatipset,111212XX22112,43465,249,17,0
200636,Europatipset,X12X2111X2222,10000000,4128,321,68
200635,Europatipset,1X122XX111111,164796,2594,190,52
200634,Europatipset,12XXX1122X1XX,10000000,27360,1072,172
200634,Europatipset,22X1X212X2X11,37408,442,39,12
200633,Europatipset,1X1122222X221,10000000,9512,506,102
200633,Europatipset,1X21X22121X22,29885,547,53,17
200622,Europatipset,221XX2221121X,178253,12470,2285,483
200622,Europatipset,12X21121XX122,10000000,30916,1195,179
200621,Europatipset,XXX1XX2212XX1,10000000,24041,2545,495
200621,Europatipset,1221111121X12,129526,2284,163,39
200620,Europatipset,122XX22111211,10000000,23476,1657,337
200620,Europatipset,22X21XX2122XX,449550,15060,1177,293
200619,Europatipset,211222X2212X1,31498,371,29,0
200619,Europatipset,X2121X21X1XXX,121455,902,76,22
200618,Europatipset,11212122121X1,9863,244,24,0
200618,Europatipset,12X2111X111X2,32966,475,44,14
200617,Europatipset,X2X1XXX112XX1,10000000,13377,1103,262
200617,Europatipset,21111X112XX22,111019,1660,119,31
200616,Europatipset,11X122X211222,7686,238,26,10
200616,Europatipset,21XX1122X2112,226385,2317,161,44
200615,Europatipset,1X1X11122X111,3926,123,14,0
200615,Europatipset,XX112X1X1X112,15691,259,32,12
200614,Europatipset,X111X1XX1X221,236641,1318,90,25
200614,Europatipset,1X21XXX112XXX,50370,1116,106,33
200613,Europatipset,X1121121212X1,1258,43,0,0
200613,Europatipset,XX11XXX2XXX21,1137314,20047,1569,391
200612,Europatipset,1XXX111X11212,19045,166,17,0
200612,Europatipset,1XX121111XX1X,283676,1300,88,24
200611,Europatipset,1212211122XX2,10000000,35414,1452,247
200610,Europatipset,X121111112121,307039,9666,611,121
200610,Europatipset,X11111X1X1111,12067,413,45,16
200609,Europatipset,111122X211X21,296125,1664,86,20
200609,Europatipset,X11X2X1121X1X,203352,4130,243,60
200608,Europatipset,21XXX21211X11,10000000,4013,288,73
200608,Europatipset,X1121212X1112,61377,1102,96,26
200607,Europatipset,1X1122X112211,9992,279,28,10
200607,Europatipset,21X2222XX2222,182327,2943,192,49
200606,Europatipset,1X1XX2X2111XX,10000000,69404,2296,401
200606,Europatipset,X212221121211,116542,898,68,20
200605,Europatipset,1X2XX12212122,10000000,14744,462,83
200605,Europatipset,111XXX1X21122,451634,2078,156,39
200604,Europatipset,22X112221X122,1852,25,0,0
200603,Europatipset,X1211XX1X121X,7019,61,0,0
200603,Europatipset,122111121221X,3255,56,0,0
200602,Europatipset,111XX12122111,13894,174,20,0
200601,Europatipset,2X21211X11XXX,10000000,35366,2057,437
200552,Europatipset,X22111211X222,15093,312,25,0
200552,Europatipset,XX1111XX11212,177935,1764,141,40
200551,Europatipset,112111X2X2111,119233,1620,70,17
200550,Europatipset,121X11X11111X,1882,57,0,0
200550,Europatipset,112X2X221XXXX,35164,468,45,15
200549,Europatipset,1X22X11XXX22X,128089,4359,340,87
200549,Europatipset,211X11X111X21,24075,543,48,14
200548,Europatipset,21121XXX22111,3341,132,16,0
200548,Europatipset,2121XX222X222,488604,6785,460,112
200547,Europatipset,XX2211XX21XX2,118510,660,61,20
200547,Europatipset,11222X12X22X1,90653,1949,166,44
200546,Europatipset,1X11111211212,38245,238,21,0
200545,Europatipset,1122X22X22211,10000000,16338,1175,259
200544,Europatipset,1111122111XX1,968,35,0,0
200544,Europatipset,X11222211XX12,18150,213,22,0
200543,Europatipset,1222XXXX11112,160766,2224,153,37
200543,Europatipset,21121X2X1XX1X,16191,446,47,16
200542,Europatipset,X11211XX21222,238891,1953,121,29
200542,Europatipset,212XX11X21122,139472,3736,196,44
200541,Europatipset,1X1X2X112X211,1406,38,0,0
200541,Europatipset,11X11211X1112,250113,1895,140,37
200540,Europatipset,211221211221X,99601,463,36,11
200539,Europatipset,XX112122221XX,10000000,10770,339,65
200539,Europatipset,1112112211112,3653,83,11,0
200538,Europatipset,X2X1112121X22,55058,745,58,18
200538,Europatipset,221X111221121,140465,1786,107,25
200537,Europatipset,221XX21122X11,21298,383,29,0
200537,Europatipset,111122X222211,205367,5053,445,114
200536,Europatipset,221X2122X1X22,291907,1544,67,16
200536,Europatipset,2X2X112X12X1X,19231,501,47,15
200535,Europatipset,11112X12X121X,477927,7972,593,126
200534,Europatipset,1XX211122X1X2,1204,29,0,0
200533,Europatipset,XXX1111112121,39743,580,52,17
200532,Europatipset,XX21121121X11,465874,1652,112,30
200531,Europatipset,2121X2X21X212,10000000,0,3877,552
200530,Europatipset,1X1X22XX1211X,10000000,15594,1084,231
200529,Europatipset,1212211X2XX11,10000000,13016,710,115
200528,Europatipset,2112121211X11,2264,96,12,0
200527,Europatipset,222111X12121X,43318,524,46,15
200526,Europatipset,11X1X11X22122,24721,628,53,17
200525,Europatipset,221XX1112X122,233259,1267,102,28
200524,Europatipset,111X1211X221X,10000000,30384,1608,353
200523,Europatipset,22X121X2212X1,15337,221,21,0
200523,Europatipset,XX11XXX2122XX,10000000,12415,745,183
200522,Europatipset,X11XXX22122X2,10000000,18041,819,179
200521,Europatipset,1XXXXXX1112X1,112993,961,64,20
200520,Europatipset,X2XXX1X122XXX,393385,8256,621,164
200519,Europatipset,1XX2X2X1X112X,118648,3501,322,85
200518,Europatipset,222X122221221,55102,678,72,23
200517,Europatipset,1X1X1X1212111,22516,227,23,0
200516,Europatipset,X21X1121XX2XX,298658,11061,1150,248
200516,Europatipset,11X112X1X1122,10757,249,22,0
200515,Europatipset,111112221XX21,250954,2052,73,16
200514,Europatipset,21X1XX211121X,483670,3015,199,51
200513,Europatipset,1XXX1XX1122XX,25064,302,34,12
200513,Europatipset,11X1211X22X12,18099,344,32,11
200512,Europatipset,21X111112X12X,10422,207,20,0
200511,Europatipset,1XXX11X11X111,99011,1662,129,35
200511,Europatipset,112XXX122121X,64212,1022,76,21
200510,Europatipset,1122X2XX22X11,10000000,26213,1541,302
200510,Europatipset,112X221211211,203597,3705,286,69
200509,Europatipset,1112112X21X11,35749,837,83,23
200508,Europatipset,12X212X121X11,234246,7762,476,112
200508,Europatipset,11XX1112XX111,32205,949,75,21
200507,Europatipset,1XX11XX12XX21,24517,518,47,16
200507,Europatipset,1211111111X11,17691,386,39,16
200506,Europatipset,111X1X121212X,11340,215,27,11
200505,Europatipset,XX2X1111XX2X2,10000000,21127,928,170
200504,Europatipset,22X1112212X2X,217071,1188,74,19
200503,Europatipset,1122X11211111,207875,2023,122,28
200502,Europatipset,1XX211XXX1X11,32923,515,46,15
200501,Europatipset,11112X112XX21,23990,445,39,13
200453,Europatipset,X112111X211X2,710695,3186,228,59
200451,Europatipset,111121X122211,15159,153,17,0
200450,Europatipset,111X1212XX111,1658,61,0,0
200449,Europatipset,1111112X22XX1,18572,446,42,14
200448,Europatipset,21X222XXX1X11,297022,8131,569,128
200447,Europatipset,XX211X122XX11,443818,3629,262,70
200446,Europatipset,2X1X11X122X11,133012,976,76,22
200445,Europatipset,XX2XXXX2X212X,10000000,324244,11074,1650
200444,Europatipset,1111XX1111X1X,9315,268,30,11
200443,Europatipset,X12XX22X11111,550805,6543,473,112
200442,Europatipset,22112111XX112,142580,2547,205,46
200441,Europatipset,2X2111111X12X,10000000,3922,252,61
200440,Europatipset,21XX21XXX1112,662504,9122,635,133
200439,Europatipset,X2X2211211121,6658,179,18,0
200438,Europatipset,12112X1121XX2,886446,2756,186,47
200437,Europatipset,21X12XX12XX12,10000000,13376,614,120
200436,Europatipset,2X222122212X1,17740,476,44,0
200435,Europatipset,22X21XX2X222X,416602,20430,2329,581
200434,Europatipset,12X1X1XXX21XX,10000000,17041,709,149
200433,Europatipset,11X12X21X1211,167326,3206,264,64
200432,Europatipset,X1X1X22112122,10000000,51404,1624,331
200431,Europatipset,12X111X1X222X,10000000,5666,310,78
200430,Europatipset,X211111X211X2,57142,1713,135,32
200429,Europatipset,1112X11211X1X,131882,906,87,27
200428,Europatipset,1121111X1111X,2980,32,0,0
200427,Europatipset,222212212X2X1,10000000,32187,2130,463
200426,Europatipset,11X1211112X22,10000000,7013,429,82
200425,Europatipset,X12X212211X12,130028,3376,222,34
200424,Europatipset,211X11XX21X2X,66892,859,64,0
200423,Europatipset,1X211X1XXX1XX,2267,126,21,0
200422,Europatipset,21112X21X1211,120337,1968,168,45
200421,Europatipset,X11111X2X111X,704798,2453,225,63
200420,Europatipset,21X211111X1XX,4654,62,0,0
200419,Europatipset,11211XX222X21,10000000,54085,2436,544
200418,Europatipset,111X1122X11X2,10000000,14956,1617,319
200417,Europatipset,XX12X112X111X,200985,1257,89,25
200416,Europatipset,X2111XXX2XX2X,23853,308,29,11
200415,Europatipset,121112XX1XX12,20244,356,32,11
200414,Europatipset,21X121X112XX2,97434,2752,244,67
200413,Europatipset,X212121X1XX1X,1496524,7340,428,88
200412,Europatipset,22XX1221X221X,10000000,34476,1628,312
200411,Europatipset,2XXXX1XXX1221,686090,26998,1555,312
200410,Europatipset,111XXXXX211X1,49842,892,84,25
200409,Europatipset,22121111111X2,69599,773,45,13
200408,Europatipset,212X12XXXX112,318778,3447,238,60
200407,Europatipset,1XX22XXX121X1,10000000,63077,3488,588
200406,Europatipset,112X1X12121X1,88073,1971,147,39
200405,Europatipset,121XX12111X11,25864,544,48,15
200404,Europatipset,XX1XX21X2XX11,135307,1962,186,55
200403,Europatipset,211212X21X2X1,10000000,9095,592,133
200402,Europatipset,222121112XX1X,17927,590,54,17
200401,Europatipset,21112221111XX,96062,1388,110,30
200351,Europatipset,12XX1XXXX1XXX,801597,4394,349,96
200350,Europatipset,1122X1XX112X1,6679,89,12,0
200349,Europatipset,2211X111XX1XX,4494,68,10,0
200348,Europatipset,11112XX2XXXXX,2305,94,14,0
200347,Europatipset,2211XXXX12112,1231374,22096,1383,263
200346,Europatipset,1X1111X2X1212,10000000,6286,413,98
200345,Europatipset,1X112XXXX212X,79444,2052,168,47
200344,Europatipset,21212X1X1X121,58472,659,54,16
200343,Europatipset,X2111XX122211,3999,121,13,0
200342,Europatipset,11X111X12X12X,56415,1286,103,27
200341,Europatipset,1X11X12221X2X,39138,1579,140,38
200340,Europatipset,2X111222X1222,47678,534,49,16
200339,Europatipset,111XX11111112,12517,122,13,0
200338,Europatipset,X2XX12X111X11,10000000,16064,1100,246
200337,Europatipset,221121X111XXX,1088,46,0,0
200336,Europatipset,2X2XX11222X1X,324963,6820,364,81
200335,Europatipset,X11212XX12112,11852,381,35,11
200334,Europatipset,1111211121X1X,32159,493,46,0
200333,Europatipset,2X12X2X1121X2,10000000,11397,612,143
200332,Europatipset,12221XXX11121,177475,13967,2075,534
200331,Europatipset,X1X2XX1121121,91337,2875,178,43
200330,Europatipset,X2211111X21XX,194860,7217,585,136
200329,Europatipset,2X1111112X222,23358,429,36,11
200328,Europatipset,221211121111X,433833,1721,133,33
200327,Europatipset,111122112211X,10000000,2161,120,28
200326,Europatipset,21X11111212X1,589,27,0,0
200325,Europatipset,X2111XXX21XX2,422252,5614,492,126
200324,Europatipset,XX22211222X11,10000000,41833,2827,677
200323,Europatipset,XX11112X11221,64116,484,42,13
200322,Europatipset,111X111X12222,15920,134,12,0
200321,Europatipset,1X1122X221111,355371,3196,208,52
200320,Europatipset,1211X21X1X121,16796,472,41,13
200319,Europatipset,XX12211XX1X21,124140,1724,135,39
200318,Europatipset,XX1212XXX1XX2,441177,1009,78,25
200317,Europatipset,X1XXX1X1X2X11,2838,111,16,0
200316,Europatipset,12211111122X1,176261,672,36,10
200315,Europatipset,X1X1XX2111212,10000000,35334,1995,369
200314,Europatipset,X11X11X111112,4520,137,17,0
200313,Europatipset,1X112X11XX212,77070,1415,110,30
200312,Europatipset,111111X1X21XX,76932,2056,168,49
200311,Europatipset,1121111XX11XX,43977,868,73,23
200310,Europatipset,X2XXX11XX2XX1,152777,2312,187,54
200309,Europatipset,1XX1112X21221,787319,11528,673,141
200308,Europatipset,21X111111XX11,153285,2789,230,64
200307,Europatipset,X2X1XX11X11X1,44088,903,85,28
200306,Europatipset,211XXXX1X21X1,768850,7118,489,120
200305,Europatipset,21XX1X11X1X22,563827,3956,278,70
200304,Europatipset,11211XX2XX122,10000000,67357,2534,369
200303,Europatipset,21111XX1111X1,29022,752,77,25
200302,Europatipset,1212XXXX1X2XX,656449,8794,506,112
200251,Europatipset,2XX21X1111X2X,374958,4540,300,71
200250,Europatipset,21211X1XX1111,14529,382,36,12
200249,Europatipset,X11X11XX21X21,716486,32222,2211,503
200248,Europatipset,X1X21222XXX22,707872,9482,607,127
200247,Europatipset,111X1X1111X21,18953,466,46,15
200246,Europatipset,212111111XX12,5677,85,0,0
200245,Europatipset,11X2211X2X21X,136323,2585,170,44
200244,Europatipset,21222X12X2XX2,187224,2548,181,44
200243,Europatipset,X121X112X21X1,302106,1500,120,34
200242,Europatipset,12111X11X1112,2303,79,0,0
200241,Europatipset,XX22111X21112,219951,2588,205,54
200240,Europatipset,212XX1112X212,122452,805,64,19
200239,Europatipset,121211X11X211,10000000,2551,154,39
200238,Europatipset,22212X1111XX2,10000000,81426,2873,415
200237,Europatipset,21X12X21112XX,354922,13145,670,147
200223,Europatipset,1111X2XX22X11,76250,814,77,20
200222,Europatipset,21XX21XXXX112,201288,2840,233,50
200221,Europatipset,1111122X11111,26865,304,31,11
200220,Europatipset,X111X1112X12X,10545,217,23,0
200219,Europatipset,1X2XX211X2211,464693,2053,163,45
200218,Europatipset,122111111XXXX,8863,119,16,0
200217,Europatipset,1111212X2121X,20190,255,25,0
200216,Europatipset,XX211XXXX22X2,10000000,31275,992,192
200215,Europatipset,111222X11XX12,39663,514,41,13
200214,Europatipset,12X2XX11X111X,234598,2532,127,29
200213,Europatipset,X1212XX112X21,1013875,4338,259,63
200212,Europatipset,111211122112X,811,32,0,0
200211,Europatipset,121XXX1XX1221,70871,971,69,20
200210,Europatipset,21X11X12211XX,29590,785,77,26
200209,Europatipset,21X22112X1211,212087,4273,299,70
200208,Europatipset,X1X12222XXX1X,222602,2099,160,44
200207,Europatipset,XX22211212XXX,10000000,39184,1950,340
200206,Europatipset,X1X1XXX11112X,712842,7874,602,154
200205,Europatipset,XX1XX1X211XXX,154260,4496,371,102
200204,Europatipset,21X21112X1X22,708162,9722,980,239
200203,Europatipset,XX11111X12XX1,4962,107,14,0
200202,Europatipset,212XX1X1XX111,10000000,4444,257,63
200201,Europatipset,X11211222XXX2,32035,828,68,20
200151,Europatipset,2121212111X12,81278,2011,165,46
200150,Europatipset,1111111XX1221,29727,909,75,22
200149,Europatipset,X221112122112,25626,281,30,11
200148,Europatipset,112121122XX11,7986,243,23,0
200147,Europatipset,122111X2XX11X,10982,404,50,18
200146,Europatipset,11X12XX11X11X,129041,3124,240,63
200145,Europatipset,21121111X1112,43271,697,51,15
200144,Europatipset,11X1X1121221X,7307,235,27,10
200143,Europatipset,X1X121221X111,224356,5168,374,85
200142,Europatipset,211X222111112,128290,1276,115,33
200141,Europatipset,XXXXX211X2211,10000000,0,10147,1626
200140,Europatipset,XXX1222X111X1,10000000,5341,380,87
200139,Europatipset,X11X211X12221,45824,1006,76,0
200138,Europatipset,12111212XX12X,19991,859,85,0
200137,Europatipset,21X111X1112X2,128382,3716,260,64
200136,Europatipset,12X2212XXX212,279588,10668,742,161
200135,Europatipset,X22X12XX21111,343933,2328,168,40
200134,Europatipset,XXX112XX1112X,236513,2919,200,48
200124,Europatipset,111112121X211,2034,90,0,0
200123,Europatipset,X212X2XXXXX22,10000000,50126,2025,369
200122,Europatipset,1X121X1XX1112,964,59,0,0
200121,Europatipset,XX21X11X11112,8243,337,37,0
200120,Europatipset,212XX1X11X12X,22144,772,82,0
200119,Europatipset,121XXXXX2X111,14526,381,40,0
200118,Europatipset,X111111X1X11X,30528,829,91,28
200117,Europatipset,XXX111212111X,119641,2195,127,0
200116,Europatipset,X21XX12X211X2,203455,5490,300,68
200115,Europatipset,1X2211112X122,46506,826,66,0
200114,Europatipset,X2X2111112122,58205,1145,80,23
200113,Europatipset,1XXX2XX222121,701780,9017,645,131
200112,Europatipset,1111X11X2XXX1,70801,1280,85,0
200111,Europatipset,1XXX12211XX1X,65433,1452,127,37
200110,Europatipset,11111X1XXX12X,31949,894,83,24
200109,Europatipset,12X111XX1XXX2,146301,2878,215,56
200108,Europatipset,1211111111111,309,26,0,0
200107,Europatipset,1122XX11X111X,4626,175,0,0
200106,Europatipset,1221X11212121,150021,3027,230,59
200105,Europatipset,1211222111X12,38335,1168,96,0
200104,Europatipset,2112X12XX1211,43471,1029,90,0
200103,Europatipset,12XX2X1122121,58636,1269,107,32
200102,Europatipset,XX12111XX222X,1352744,10350,649,147
200101,Europatipset,X22211122XXXX,10000000,29300,1096,182
200051,Europatipset,221X1X11XXX21,10000000,90741,2725,489
200050,Europatipset,22222XXX12112,10000000,452193,8705,1056
200049,Europatipset,11121X12XXXX1,22453,659,63,0
200048,Europatipset,X2XX1X1211X1X,111812,3038,248,65
200047,Europatipset,111X2121X12X1,664430,7470,477,99
200046,Europatipset,11XX211X11XX1,7047,262,32,0
200045,Europatipset,1212XXX211X1X,476458,1597,103,0
200044,Europatipset,X2X22122X1111,38109,875,71,20
200043,Europatipset,11111X12X21X1,242460,4626,286,71
200042,Europatipset,111X222221XX2,593577,17796,1815,361
200041,Europatipset,2111X2X111212,543360,4384,322,73
200040,Europatipset,2XX1212XX2112,10000000,38248,3221,567
200039,Europatipset,XX1111X2121X1,84998,1957,136,36
200038,Europatipset,12221XX2111XX,185852,3714,282,69
200037,Europatipset,11X112X1XX11X,274974,3164,208,52
200036,Europatipset,2X2X1X1111XX2,10000000,11248,801,172
200035,Europatipset,1212X11212211,10000000,3670,171,36
200024,Europatipset,2122111212X22,48373,812,69,22
200023,Europatipset,11211X12X1X22,214715,4432,283,69
200022,Europatipset,11222211X1111,5496,218,25,0
200021,Europatipset,111X11X112212,27550,236,22,0
200020,Europatipset,X1XX11211X221,9529,353,36,0
200019,Europatipset,11121XXXXX122,20998,542,51,0
200018,Europatipset,1X22111121211,30169,597,47,0
200017,Europatipset,1XX1X211X1X22,47575,617,51,0
200016,Europatipset,1X2211XX11XXX,3027,144,0,0
200015,Europatipset,2X11112X11XX2,59562,924,72,21
200014,Europatipset,X21X1212X222X,226608,1450,104,29
200013,Europatipset,1X1X1X1X1X1X2,241777,3837,526,133
200012,Europatipset,1121212X11111,95199,1337,93,24
200011,Europatipset,1121121XXX112,813427,9663,489,91
200010,Europatipset,2X211XX12111X,113867,1446,121,34
200009,Europatipset,21121X2121X11,13129,378,36,0
200008,Europatipset,1X1XX1X111X21,34717,747,65,20
200007,Europatipset,12211XX221X11,77189,1252,105,0
200006,Europatipset,XXXX11X1XX1X2,10000000,31096,1412,288
200005,Europatipset,XX121121XX2X2,139094,2736,168,35
200004,Europatipset,1X1121X1XX1X1,112878,1346,103,29
200003,Europatipset,2X22111XX2XX2,10000000,16006,844,147
200002,Europatipset,211X1X2X221X1,88867,1425,100,0
200001,Europatipset,X11122X111XX1,17064,607,63,0
199952,Europatipset,111221X11X111,10151,341,27,0
199950,Europatipset,X11X12XXXXX12,347799,5543,415,95
199949,Europatipset,1112XXX1121XX,83974,1685,147,42
199948,Europatipset,11111111122X1,11095,272,0,0
199947,Europatipset,X1222211X1X11,60398,1092,73,20
199946,Europatipset,1111X2X111XX1,16610,571,59,0
199945,Europatipset,XX122XX11111X,26913,728,70,23
199944,Europatipset,X111221X1XXX1,30962,830,76,23
199943,Europatipset,11XX121X2X121,107433,3006,237,54
199942,Europatipset,XX11XX2111XXX,182339,2649,235,64
199941,Europatipset,2X11X111X21X2,517452,15514,1506,362
199940,Europatipset,1X11X111222X1,61216,2840,249,69
199939,Europatipset,X211X11212111,67298,1296,109,0
199938,Europatipset,21X22X111X122,34302,783,69,20
199937,Europatipset,111122X2112XX,42517,1091,72,0
199936,Europatipset,XX121122X121X,74340,2246,175,49
199935,Europatipset,XX1X1XX11X22X,288497,12109,1165,263
199934,Europatipset,11X1XXXXX1221,10646,338,41,0
199923,Europatipset,X212111111122,24586,306,29,0
199922,Europatipset,1X222XXXX2112,10000000,29399,1757,357
